uid,title,date
1,공장 상층 패널교체 작업 중 추락 사망,2019.08.08
2,크레인 작업 중 이탈된 후크에 맞아 사망,2019.08.08
3,작업 후 사다리에서 내려오는 중  추락 사망,2019.08.09
4,경사로에서 밀려 내려가면서 전도된 지게차에 깔려 사망,2019.08.09
5,"건설용리프트 해체작업 중 운반구와 함께 추락(사망 3명, 부상 3명)",2019.08.14
6,터널 천공장비 스크류 타격으로 인한 사망,2019.08.19
7,국유림 풀베기 작업 중 말벌에 쏘여 사망,2019.08.20
8,토사 매립작업 중인 덤프트럭이 매립호수에 빠져 운전자 사망,2019.08.21
9,흙막이가시설 띠장 해체작업 중 떨어져(H=1.3m) 사망,2019.08.22
10,상수도관 매설 작업 중 굴착사면 붕괴로 인한 사망,2019.08.27
11,파쇄기 정비작업 중 떨어지는 중장비 부품에 맞아 사망,2019.08.28
12,단조프레스 지그교체 작업 중 떨어지는 지그에 깔려 사망,2019.08.29
13,"공장 내 연료저장탱크 폭발 및 화재(1명 실종, 8명 부상)",2019.09.02
14,지게차 포크에 파레트를 끼우고 그 위에서 작업 중 떨어져(H=4m) 사망..,2019.09.03
15,천정에 설치된 덕트·배관 상부에서 전선 피복 벗기는 중 감전되어 떨..,2019.09.04
16,계단 돌작업 중 떨어져 사망,2019.09.04
17,"오징어폐기물 탱크 청소작업 중 유해가스에 중독(3명 사망, 1명 부상)",2019.09.10
18,흙막이 띠장 상부에서 이동 중 떨어져(H=3m) 사망함.,2019.09.17
19,옥상 철재계단 해체 작업 중 떨어져(H-5.5m) 사망함.,2019.09.17
20,터파기 작업 중 토사붕괴 인해 넘어져 발생한 골반부위 골절상 치료 ..,2019.09.17
21,강재 탱크 제작장에서 철재 절단작업 중 넘어지는 기압헤드에 깔려 사..,2019.09.24
22,우사 지붕에서 작업 중 썬라이트를 밟아 떨어져(H=5~6m) 사망,2019.09.25
23,"철골조립 작업 중 떨어져(H=4m) 1명 사망, 1명 부상.",2019.09.25
24,벌도작업 중 떨어지는 나무에 머리를 맞아 사망.,2019.10.01
25,집게차 적제함 덮개 제거 중 떨어져(H=3.3m) 사망,2019.10.08
26,대구경 파이프 배관 확인 중 알곤가스에 질식하여 사망,2019.10.08
27,태풍으로 손상된 천막 보수작업 중 떨어져(H=3.2m) 사망,2019.10.10
28,외부비계에서 바닥으로 내려오는 중 떨어져(H=4m) 사망,2019.10.10
29,인테리어 공사 현장에서 A형 사다리에 올라가던 중 떨어져(H=2m) 사망,2019.10.11
30,유리섬유 생산라인 자동포장기계 내 불량품 제거 중 압착되어 사망,2019.10.11
31,창고 지붕 패널 철거 작업 중 떨어져(H=5.5m) 사망,2019.10.15
32,엘리베이터 피트 내부 작업발판 설치 중 떨어져(지상4층 높이) 사망,2019.10.15
33,하수관로 매설작업 중 법면이 붕괴되어 떨어지는 콘크리트 포장면에 ..,2019.10.15
34,이동식비계 상부에서 조적작업 중 떨어져 사망,2019.10.15
35,엘리베이터 옥탑 슬라브 해체작업 중 데크플레이트가 파단되어 떨어져..,2019.10.16
36,고소작업차(스카이) 사용하여 수직배관 도장 작업 중 떨어져(H=3m) 사..,2019.10.21
37,맨홀 설치를 위한 인양 작업 중 인양로프가 파단되어 낙하하는 맨홀에..,2019.10.21
38,"펌프 인양 중 슬링벨트가 파단되어 떨어지는 펌프에 맞아 1명 사망, 1..",2019.10.21
39,"철도 선로 유지보수 작업 중 열차에 충돌하여 1명 사망, 2명 부상",2019.10.22
40,시스템동바리 장선 운반을 위해 이동 중 떨어져 사망,2019.10.23
41,전신주 오르던 중 스텝볼트가 빠지면서 떨어져 사망,2019.10.25
42,측량작업 중 개구부로 떨어져(H=10m) 사망,2019.10.31
43,축사 지붕 위에서 이동 중 선라이트가 파단되어 떨어져(H=5m) 사망,2019.11.04
44,화물용승강기에 탑승하여 이동 중 구조물과 승강기 사이에 끼어 사망,2019.11.04
45,외부계단 가시설(안전난간) 설치 중 떨어져(H=12m) 사망,2019.11.04
46,창호 샷시 코킹작업 중 떨어져(H=70m) 사망,2019.11.05
47,드라이에어리어 상부 합판에서 청소 중 떨어져 사망,2019.11.05
48,굴삭기 구르면서 튕겨져 나온 운전자가 깔려 사망,2019.11.07
49,철골빔 상부에서 이동 중 떨어져 사망,2019.11.11
50,철골 보 클램프 해체를 위해 빔 상부 이동 중 떨어져 사망,2019.11.11
51,일자형사다리 상부에서 벽의 못을 제거하는 중 떨어져 사망,2019.11.11
52,컨베이어에 끼인 불순물 제거 중 롤에 끼어 사망,2019.11.13
53,고소작업차를 사용하여 전지작업 중 떨어져(H=3.5m) 사망,2019.11.13
54,"국방과학연구소  시험 중 폭발·화재로 인하여 1명 사망, 5명 부상",2019.11.14
55,정박된 선박의 탱크 내 작업 중 질식으로 인한 사망,2019.11.14
56,상가 지하 자재창고에서 화재 발생(16명 부상),2019.11.15
57,엘리베이터 점검·수리 중 끼어 사망,2019.11.15
58,철거 작업 중 붕괴되는 가벽에 깔려 사망(2명),2019.11.19
59,지붕 판넬 작업 중 채광지붕 설치 예정인 개구부로 떨어져 사망,2019.11.22
60,지붕공사 중 PC판넬이 깨지면서 떨어져(H=6m) 사망.,2019.11.25
61,고소작업대에서 철골구조물로 이동 중 떨어져(H=5.8m) 사망,2019.11.27
62,이동식크레인으로 파이프 운반 중 낙하하는 파이프에 맞아 사망,2019.11.28
63,아파트 외벽 하자보수작업 후 내려오는 중 떨어져 사망,2019.11.28
64,사다리에 올라가는 중 사다리와 함께 넘어져 사망,2019.12.03
65,중량물의 인양고리가 파손되어 인근에서 작업 중인 근로자가 맞아 사..,2019.12.03
66,공장 내 이동 중 작업 중인 장비(로우더)에 부딪혀 사망.,2019.12.03
67,성형기 이물질 제거작업 중 금형에 끼어 사망,2019.12.05
68,호퍼에 자재투입 작업 중 갑자기 이동한 대차에 의해 끼어 사망,2019.12.05
69,"H-Beam 운반 중 전용클램프에서 이탈,  부재에 맞아 사망.",2019.12.10
70,5톤 코일 상차 중 후크에서 이탈되어 깔려 사망,2019.12.10
71,"대형절곡기 설치 중 측면지지판이 넘어져 사망(깔림1명, 맞음1명)",2019.12.13
72,간판교체 작업 중 고소작업대에서 떨어져 사망,2019.12.13
73,드럼통 산소절단작업 중 폭발하여 파편에 맞아 사망,2019.12.13
74,이동 중 계단실 개구부로 떨어져(H=2.7m) 사망,2019.12.18
75,공장건물 유지보수 작업 중 선라이트를 밝고 떨어져(H=8m) 사망,2019.12.18
76,"자재 운반 중 카고크레인 턴테이블이 파단되어 낙하하는 붐, 자재에 ..",2019.12.18
77,승강기 균형추 위에서 작업 중 떨어져(H=15m) 사망,2019.12.24
78,상수도관 파열로 인한 침하로 매몰되어 사망,2019.12.24
79,크레인 줄걸이가 끊어지면서 보일러 판넬에 협착되어 사망,2019.12.24
80,"채석장 발파현장에서 암석이 굴러 떨어져 장비 운전자 1명 사망, 1명 ..",2019.12.30
81,세탁물 자동투입 컨베이어에 머리가 끼어 사망,2020.01.08
82,주차타워 공사 중 인양 자재에 부딪혀 사망,2020.01.08
83,합벽거푸집 설치 작업 중 떨어져 사망,2020.01.13
84,덤프트럭 고임목 제거 중 차량과 벽체사이에 끼어 사망,2020.01.13
85,굴러 떨어지는 발파석에 맞아 사망,2020.01.13
86,사다리 위에 올려놓은 앵커드릴이 낙하하여 머리에 맞아 사망,2020.01.20
87,"입식지게차 후진 중 주차된 탑차 적재함과 충돌, 끼어 사망함.",2020.01.20
88,"타워크레인 붐이 꺾이면서 펌프카 붐을 강타, 인근 작업중인 타설공이..",2020.01.21
89,축사 지붕 판넬위에서 휴식 중 돌풍에 의해 판넬이 뒤집히면서 떨어져..,2020.01.21
90,공장 지붕 철거작업 중 지붕이 부서지면서 떨어져 사망,2020.01.28
91,철판을 원통관으로 성형하는 자동화설비에 머리가 끼어 사망,2020.01.28
92,하수관 설치 공사 중 토사가 붕괴되어 매몰(부상 4명),2020.01.31
93,온수보일러 폭발(추정)로 인해 사망(2명)·부상(8명),2020.01.31
94,화물트럭에 지게차를 싣는 중 지게차가 전도되어 운전자가 깔려 사망,2020.02.05
95,화학공장 내 촉매기 내부에서 폐촉매 제거 중 폐촉매제에 매몰되어 사..,2020.02.05
96,공장 외부판넬 설치 작업 중 떨어져(H=3.8m)사망,2020.02.07
97,자재 운반 중 계단단부에서 떨어져 사망,2020.02.07
98,사출성형기 정비작업 중 끼어 사망,2020.02.07
99,그라인더를 사용 벽면 표면처리 작업 중 감전되어 사망,2020.02.10
100,선박 화물칸 내부 철골작업 중 전되되는 철골에 맞아 사망,2020.02.10
101,고소작업대와 천정 사이에 끼어 사망,2020.02.10
102,끊어진 원사를 연결하는 중 연신기에 다리가 끼어 사망,2020.02.10
103,지붕 철거작업 중 선라이트가 파단되어 떨어져 사망,2020.02.14
104,주택 리모델링 공사 중 건물이 붕괴되어 사망(2명) 및 부상(3명),2020.02.24
105,식품 재료배합기 청소 중 끼어 사망,2020.02.24
106,시스템비계 설치 작업 중 떨어져(H=10m) 사망,2020.02.24
107,LNG선 트러스작업장에서 작업발판 설치 중 떨어져(H=15m) 사망,2020.02.24
108,철근 인양 중 타워크레인이 넘어져 철근에 깔림,2020.02.24
109,중량물(표면처리용 행거) 운반 중 떨어지는 행거에 머리를 맞아 사망,2020.02.27
110,제철공장 연주공정 턴디쉬에 빠져 전신화상 치료 중 사망,2020.02.27
111,기존 공장 지붕 철거 공사 중 선라이트 파손으로 추락(H=6m),2020.02.27
112,낙하물방지망 보수작업 중 와이어로프가 풀리면서 떨어져 사망(H=9m),2020.02.27
113,거푸집 슬라브 해체작업 중 낙하물에 맞아 사망,2020.03.03
114,캐노피 지붕 물세척 작업 중 떨어져 사망,2020.03.03
115,NCC공장 압축공정에서 폭발·화재가 발생하여 7명 부상,2020.03.04
116,고춧가루 제조 기계에 끼어 사망,2020.03.09
117,쓰레기 압축기 내부 자재 고정작업 중 압축기가 작동하여 끼어 사망,2020.03.09
118,자재 운반 중 계단참 수직개구부에서 떨어져 사망,2020.03.09
119,벽체 거푸집 설치 작업 중 인양설비에 맞아 사망,2020.03.10
120,호이스트를 이용하여 세워진 철판이 기울어지면서 끼어 사망,2020.03.10
121,임목벌채 작업 중 베어넘긴 나무가 인접 나무에 걸려 부러진 가지에 ..,2020.03.11
122,프레스 정비작업 중 슬라이드가 상승하여 협착되어 사망,2020.03.16
123,PC판넬 옹벽 설치작업 중 PC판넬이 전도되어 깔려 사망,2020.03.16
124,고소작업대에서 자재 치수 측정 중 떨어져 사망,2020.03.16
125,폐목수거 작업 중 후진하는 페이로더에 깔려 사망,2020.03.18
126,공장지붕에서 사다리를 사용하여 내려오는 중 떨어져 사망,2020.03.18
127,천막교체 작업 중 떨어져 사망,2020.03.18
128,과수원 관수 배관 설치 중 굴삭기가 전도되어 기사가 바닥에 떨어져 ..,2020.03.19
129,굴착기 버켓 교체 중 떨어지는 버켓에 맞아 사망,2020.03.23
130,개구부 슈퍼데크 설치 작업 중 떨어져 사망,2020.03.23
131,제연덕트 설치 중 고소작업대에서 떨어져(H=7m) 사망,2020.03.24
132,중량물을 매달고 이동 중인 굴삭기에 충돌하여 사망,2020.03.27
133,이동 중이 굴삭기에 충돌하여 사망,2020.03.30
134,지게차에 파렛트를 부착하여 청소작업 중 떨어져 사망,2020.03.30
135,사다리 위에서 소방배관 설치 중 떨어져 사망,2020.04.01
136,폐수 증발농축 공정에서 건조설비 화재·폭발로 인하여 부상(8명),2020.04.01
137,케이블 이설작업 중 전주가 전도되어 떨어져 사망,2020.04.03
138,상차 중  차량옆으로 떨어지는 전주에 맞아 사망,2020.04.06
139,차량 통행 유도 작업 중 후진하는 트럭에 깔려 사망,2020.04.06
140,"고소작업대가 넘어지면서 깔려 1명 사망, 1명 부상",2020.04.06
141,거푸집 해체 중 떨어지는 거푸집에 맞아 사망,2020.04.08
142,폐자재 스크랩 분쇄기에 말려 들어가 사망,2020.04.08
143,터널 막장면 부석정리 작업 중 낙반이 운전석에 떨어져 사망,2020.04.08
144,철골자재 하차작업 중 떨어지는 자재(H-Beam)에 깔려 사망,2020.04.09
145,하수도 맨홀 작업 중 질식으로 3명 사망,2020.04.09
146,수도관 매립 작업 중 후진하는 굴착기에 깔려 사망,2020.04.10
147,우수관로 설치 중 굴착면 붕괴로 매몰되어 사망,2020.04.13
148,외벽 석재마감 공사 중 비계에서 떨어져(H=4.5m) 사망,2020.04.13
149,비계에서 거푸집 결속 핀 체결 작업 중 떨어져(H=10m) 사망,2020.04.13
150,경사로에 주차한 트럭이 내려가는 것을 세우려는 중 깔려 사망,2020.04.13
151,학교 강당 지붕 철골공사를 위해 이동 중 떨어져 사망,2020.04.16
152,양중작업 중 이동식크레인이 전도되어 양중물(철근)에 맞아 사망,2020.04.16
153,공장 대형문 개방 중 대형문 사이에 끼어 사망,2020.04.21
154,현장 내 이동 중 데크플레이트가 미설치된 개구부에서 떨어져 사망,2020.04.21
155,"CPB 유압인상 작업 중 붕괴되어 1명 사망, 3명 부상",2020.04.21
156,테이블리프트가 전도되면서 적재된 목재에 깔려 사망,2020.04.21
157,산업용로봇 그리퍼와 지그 사이에 끼어 사망,2020.04.29
158,이동 중 후진하는 굴삭기에 깔려 사망,2020.04.29
159,가림막 설치 작업 중 흙막이 굴착 단부에서 떨어져 사망,2020.04.29
160,하수배관 설치 중 축대가 무너져 사망,2020.04.29
161,농장 지붕에서 썬라이트를 당겨 올리는 중 떨어져 사망,2020.04.29
162,물류센터 신축공사 중 지하층에서 화재가 발생하여 38명 사망,2020.05.04
163,트럭 적재함에서 단열재 하차 중 떨어져 사망,2020.05.04
164,폐유정제 탱크 상부 용접작업 중 폭발로 인하여 사망,2020.05.04
165,아파트 외벽 재도장 작업 중 달비계에서 떨어져 사망,2020.05.04
166,인테리어 공사 중 틀비계에서 떨어져(H=1.7m) 사망,2020.05.04
167,"집진설비가 전도되어 상부 작업자 1명 사망, 1명 부상",2020.05.07
168,크레인으로 인양 중 떨어진 철근에 맞아 사망,2020.05.07
169,자재정리를 위해 이동 중 제방법면에서 떨어져 사망,2020.05.07
170,지붕 패널 시트 설치 작업 중 떨어져 사망,2020.05.11
171,외부 도장작업 중 로프가 끊어지면서 떨어져 사망,2020.05.11
172,도목현장 근처에서 작업 중 벌도목에 맞아 사망,2020.05.13
173,아파트 외벽 재도장 작업 중 달비계에서 떨어져 사망,2020.05.13
174,옥상 철재 조형물 조립작업 중 떨어져(H=6~7m) 사망,2020.05.14
175,"유리섬유 재생설비 시운전 중 폭발사고 발생하여 2명 사망, 2명 부상",2020.05.15
176,고소작업대 사용 거더 설치작업 중 인양물에 충돌하여 전도되어 사망,2020.05.19
177,화학공장에서 유기촉매를 포장용기에 이송 중 화재가 발생하여 1명 사..,2020.05.19
178,도로공사 현장에서 후진하는 스키드로더에 깔려 사망,2020.05.20
179,건조 중인 선박 파이프 용접 작업 중 파이프내에서 의식을 잃고 쓰러..,2020.05.22
180,"발코니에서 에어컨 실외기 설치 작업 중 떨어져 1명 사망, 1명 부상",2020.05.22
181,지붕 판넬 설치 중 떨어져(H=9m) 사망,2020.05.22
182,배수관 작업 중 토사가 무너져 매몰되어 사망,2020.05.25
183,형틀작업 중 떨어져(H=3.5m)  사망,2020.05.25
184,보강토옹벽 설치 중 무너져 하부 작업자 깔려 사망,2020.05.29
185,전기 차단기 설치 중 사다리에서 떨어져 사망,2020.05.29
186,"지붕재 해체작업 중 슬레이트가 파단되어 떨어져 1명 사망, 1명 부상",2020.05.29
187,축사 지붕 판넬 설치 중 떨어져(H=5m) 사망,2020.05.29
188,거푸집 해체 작업 중 떨어져 사망,2020.06.01
189,태양광발전 설비 공사 중 지붕 선라이트가 깨지면서 떨어져( H=3.1m) ..,2020.06.02
190,용접작업 중 파이프가 폭발하여 고소작업대에서 떨어져(H=5m) 사망,2020.06.02
191,치킨집에서 일산화탄소 중독으로 5명 부상,2020.06.05
192,"철골 앵글브레이싱 조립 중 떨어져(H=9m) 1명 사망, 1명 부상",2020.06.05
193,고소작업대(시저형) 탑승하여 작업 중 떨어져(H=7.1m) 사망,2020.06.09
194,가설전기 인입 작업 중 사다리에서 떨어져 사망,2020.06.10
195,사다리차 운반구에 탑승하여 작업 중 떨어져 사망,2020.06.10
196,전신주 하차 작업 중 전신주와 강관주 사이에 끼어 사망,2020.06.10
197,크롤러크레인 붐 길이 조정 작업 중 붐대가 하강하여 맞아 사망,2020.06.10
198,발코니(5층) 바닥 타일 작업 중 외부로 떨어져 사망,2020.06.11
199,인양 중인 단열재묶음이 비계에 걸려 떨어지면서 재해자를 덮쳐 사망,2020.06.11
200,터널작업 구간 내에서 이동 중 배터리가 하부에 끼어 사망,2020.06.11
201,갱폼 최상부에서 작업 중 갱폼이 벽면에서 탈락되어 함께 떨어져 사망,2020.06.12
202,타워크레인 설치 공사 중 떨어져(H=18m) 사망,2020.06.17
203,하수관로 공사 중 흙이 무너져 매몰되어 사망,2020.06.17
204,가스배관 검사를 위해 체류 가스 제거 중 화재사고 발생하여 1명 사망..,2020.06.17
205,빗물받이 관로 설치 작업 중 맨홀 아래로 떨어져(H=10m) 작업자 2명 ..,2020.06.17
206,화물차량에 상차된 톤백 하역작업 중 떨어져 사망,2020.06.17
207,축사지붕 선라이트 철거 작업 중 떨어져 사망,2020.06.17
208,작업대에서 내려오는 중 넘어져 돌출된 철근에 찔려 사망,2020.06.18
209,도로 차선 도색작업 중 후진하는 트럭에 충돌하여 사망,2020.06.23
210,골프장 잔디 관리 작업자가 연못에 빠져 사망,2020.06.23
211,흙막이 시트파일 절단 작업 중 전도된 진동해머에 깔려 사망,2020.06.23
212,성형기 센서교정 작업 중 프레임과 공급장치에 끼어 사망,2020.06.23
213,"청소작업을 위해 피트 내부로 들어가면서 질식되어 2명 사망, 2명 부..",2020.06.29
214,지게차가 작업발판과 접촉하여 작업자가 떨어져(H=7m) 사망,2020.06.29
215,지붕위에서 칼라강판 자재 정리 중 선라이트를 밟고 떨어져(H=5m) 사..,2020.07.02
216,흙막이설치 작업 중 굴착법면이 무너져 매몰되어 사망,2020.07.06
217,공병 선별작업을 위해 플라스틱 박스 위에 올라갔다가 떨어져 사망,2020.07.06
218,크라샤 스크린철망 교체 중 떨어지는 철망에 깔려 사망,2020.07.06
219,짚라인 환승시설 발판 설치작업 중 떨어져 사망,2020.07.06
220,자재 인양용 윈치 설치 중 떨어져(H=8m) 사망,2020.07.07
221,주차장 상부램프 유리설치를 위해 이동 중 떨어져(H=7.6m) 사망,2020.07.07
222,차집관로 부설 작업 중 상승하는 차집관과 시트파일 사이에 끼어 사망,2020.07.09
223,상수관로 이토변실 내 밸브 설치 작업 중 물이 터져나오면서 상수관 ..,2020.07.09
224,철판 운반 중 슬링벨트가 파단되면서 철판에 깔려 사망,2020.07.10
225,철판 코일 운반 중 코일과 코일 사이에 협착되어 사망,2020.07.10
226,데크플레이트 설치 중 떨어져(H=5.5m) 사망,2020.07.10
227,법면을 따라 굴러떨어지는 굴삭기 버켓에 맞아 사망,2020.07.14
228,"재활용품 압축작업 중 화재폭발 사고 발생하여 1명 사망, 1명 부상",2020.07.15
229,프레스 스크랩 제거 중 프레스가 작동하여 끼어 사망,2020.07.15
230,굴삭기로 철근 운반 중 로프가 풀려 철근에 맞아 사망,2020.07.21
231,도장부스에서 도료슬러지 제거작업 중 화재 발생하여 10명 부상,2020.07.21
232,트리콜로로실란 용기 교체 중 내용물이 누출되어 7명 부상,2020.07.21
233,옥상층에서 작업 후 이동 중 떨어져 사망,2020.07.24
234,"탱크로리 폭발사고 발생으로 1명 사망, 7명 부상",2020.07.24
235,후진하는 집게크레인 차량에 깔려 사망,2020.07.24
236,지게차를 사용하여 중량물 운반 중 전도되는 지게차에 깔려 사망,2020.07.24
237,선박 수리 중 크랭크 축이 회전하면서 크랭크 챔버 케이싱에 끼어 사..,2020.07.28
238,유압리프트 테이블과 프레임 사이에 머리가 끼어 사망,2020.07.28
239,터널 앞 제초작업 차량 통제 작업 중 작업트럭에 부딪혀 사망,2020.07.29
240,"[7/31, 삼척] 용접작업 준비 중 크링커 호퍼 내부로 떨어져(H=7m) 사..",2020.08.04
241,"[7/27, 부산] 카고크레인 아웃트리거 오작동으로 끼어 사망",2020.08.04
242,"[8/1, 양산] 물류창고 철골 보 설치 중 떨어져(H=10m) 사망",2020.08.04
243,"[7/31, 순천] 고소작업대에서 외부 판넬 코킹작업 중 떨어져(H=4m) 사..",2020.08.04
244,"[8/3, 창원] 변전소 외벽 판넬 설치작업 중 떨어져 사망",2020.08.04
245,"[8/11, 부산] 크라샤 보수 작업 중 페이로더 버켓과 컨베이어 사이에 ..",2020.08.11
246,"[8/12, 경주] 보행 중인 근로자가 지게차에 치여 사망",2020.08.13
247,"[8/14, 고양] 사다리 위에서 냉각호수 설치 중 떨어져(H=0.9m) 사망",2020.08.14
248,"[8/18, 함안] 넘어지는 스테인리스 코일에 깔려 사망",2020.08.18
249,"[8/18, 통영] 아파트 옥상에서 고압호스 인양 중 떨어져(H=27m) 사망",2020.08.18
250,"[8/18, 인천] 건설현장 가설물 철거 중 감전되어 떨어져 사망",2020.08.18
251,"[8/18, 광주] 공장 벽체판넬 해체 작업 중 지붕에서 떨어져 사망",2020.08.19
252,"[8/19, 광주] 이동 중인 고소작업대에 부딪혀 사망",2020.08.19
253,"[8/19, 인천] 정화조 청소작업 중 쓰러져 1명 사망, 1명 부상",2020.08.19
254,"[8/21, 양주] 낙하물방지망 설치 중 떨어져 사망",2020.08.24
255,"[8/21, 김해] 벌도목에 맞아 사망",2020.08.24
256,"[8/24, 이천] 교회 부속건물 철골 작업 중 떨어져 사망",2020.08.24
257,"[8/23, 대구] 아파트 외벽보수 달비계 작업 중 떨어져 사망",2020.08.24
258,"[8/24, 시흥]파이프 운반 중 넘어지는 파이프 묶음에 깔려 사망",2020.08.26
259,"[8/25, 용인] 벽체 상부 몰딩작업 중 사다리에서 떨어져(H=5m) 사망",2020.08.26
260,"[8/25, 서울] 전동포크리프트 정비 작업 중 깔려 사망",2020.08.26
261,"[8/25, 포천] 지게차 포크에 파렛트를 끼운 후 탑승하여 상승 중 떨어..",2020.08.26
262,"[8/26, 화성] 크라샤 용단 작업 중 몸에 착화되어 사망",2020.08.26
263,"[8/26, 함안] 넘어가는 적재대에서 떨어지는 부품에 맞아 사망",2020.08.26
264,"[8/26, 파주] 지붕 판넬 설치 중 떨어져(H=3.7m) 1명 사망, 1명 부상",2020.08.28
265,"[8/27, 거제] 도장 작업 중 폭발사고 발생하여 1명 사망, 1명 부상",2020.08.28
266,"[8/26, 파주] 샌드위치 판넬 설치 중 떨어져(H=3.7m) 1명 사망, 1명 ..",2020.09.01
267,"[8/28, 부산] 시트지 제거를 위한 사다리 작업 중 떨어져(H=2.3m) 사..",2020.09.01
268,"[8/29, 청송] 교각 원형 거푸집 해체작업 중 떨어져(H=9.8m) 사망",2020.09.01
269,"[8/30, 김해] 공장 구조물 철거 작업 중 떨어져(H=5m) 사망",2020.09.01
270,"[9/2, 평택] 건설용리프트 해체 작업 중 운반구와 함께 떨어져 2명 사..",2020.09.03
271,"[9/1, 봉화] 창고 벽체 판넬설치 중 고소작업대와 철골 사이에 끼어 ..",2020.09.04
272,"[9/2, 시흥] 환풍설비 위에서 작업 중 떨어져(H=5.3m) 사망",2020.09.04
273,"[9/5, 군산] 비래하는 파이프 연결 부속에 맞아 사망",2020.09.08
274,"[9/7, 김제] 레일을 따라 이동하는 대차에 끼어 사망",2020.09.08
275,"[9/7, 김포] 무너지는 배관 자재에 깔려 사망",2020.09.08
276,"[9/8, 철원] 자재 정리 작업 중 승강기 피트 내부로 떨어져(H=12.9m) ..",2020.09.08
277,"[9/7, 담양] 천장부 내장 목공작업 중 떨어져 사망",2020.09.10
278,"[9/10, 태안] 트럭에 중량물 적재 중 낙하하는 중량물에 맞아 사망",2020.09.10
279,"[9/10, 진안] 체육회관 내부 흡음판넬 설치 중 떨어져 사망",2020.09.11
280,"[9/11, 안산] 지붕청소를 위해 이동 중 선라이트를 밟고 떨어져 사망",2020.09.11
281,"[9/14, 영월] 노후교량 철거 작업 중 상판이 무너져 1명 사망, 4명 부..",2020.09.14
282,"[9/16, 서울] 이동 중 계단참 단부에서 떨어져 사망",2020.09.16
283,"[9/16, 마포] 승강기 균형추와 빔사이에 끼어 사망",2020.09.18
284,"[9/17, 강진] 철탑에서 내려오기 위해 안전대 체결 중 떨어져(H=32m) ..",2020.09.18
285,"[9/18, 남양주] 달비계 탑승 중 로프가 파단되어 떨어져(H=78m)  사망",2020.09.18
286,"[9/19, 대전] 옥상 보수공사 중 떨어져(H=58m) 사망",2020.09.21
287,"[9/19, 평택] 정제유 추출을 위한 가마 가열 중 화재 발생하여 2명 사..",2020.09.21
288,"[9/19, 울산] 슬레이트 지붕보수 공사 중 떨어져(H=10m) 사망",2020.09.21
289,"[9/20, 인천] 이동 중 미고정된 작업발판과 함께 떨어져( H=33m) 사망",2020.09.21
290,"[9/21, 아산] 철골 조립 후 고소작업대 이동 중 떨어져(H=9.6m) 사망",2020.09.24
291,"[9/22, 울산] 공장 지붕보수공사 작업 중 떨어져(H=9.5m) 사망",2020.09.24
292,"[9/24, 안양] 하수관로 트렌치 굴착 중 무너지는 토사에 깔려 사망",2020.09.24
293,"[9/24, 김제] 사일로 내 원료 제거 중 무너지는 원료에 매몰되어 사망",2020.09.24
294,"[9/24, 평창] 이동 중인 지게차에 충돌하여 사망",2020.09.28
295,"[9/24, 부산] 철근 작업 중 허벅지를 철근에 찔려 사망",2020.09.28
296,"[9/27, 평택] 덤프트럭을 피하기 위해 이동 중 개구부에 떨어져(H=5.5..",2020.09.28
297,"[9/28, 울산] 주조작업 중 기계설비에 끼어 사망",2020.09.28
298,"[9/28, 서울] 콘크리트 타설 중 데크플레이트 붕괴로 2명 사망, 1명 ..",2020.09.28
299,"[10/3, 여주] 축사 지붕교체 작업 중 선라이트를 밟아 파손되면서 떨..",2020.10.05
300,"[10/6, 서울] 하수도관 자재 하역 중 깔려 사망",2020.10.07
301,"[10/6, 부산] 송전탑에서 작업 후 내려오는 중 떨어져(H=20m) 사망",2020.10.07
302,"[10/7, 거제] 아파트 옥상에서 에어호스를 끌어올리는 중 떨어져(H=41..",2020.10.07
303,"[10/7, 제주] 간판 설치를 위해 달비계 탑승 직후 로프가 파단되어 떨..",2020.10.12
304,"[10/8, 부산] 철골조립 작업 중 고소작업대차에서 떨어져 사망",2020.10.12
305,"[10/8, 경기 광주] 철골 상부에서 자재 슬링벨트 해체 중 떨어져 사망",2020.10.12
306,"[10/9, 홍성] 지게차가 전복되면서 헤드가드에 깔려 사망",2020.10.12
307,"[10/11, 부천] 수직구 내 가설계단 해체 중 떨어져 사망",2020.10.12
308,"[10/11, 서울] 조적벽체 철거 중 넘어가는 잔재물에 맞아 사망",2020.10.12
309,"[10/12, 아산] 자재 반출 작업 중 인양물에 충돌하여 떨어져 사망",2020.10.13
310,"[10/13, 대구] 오수관로 터파기 법면 토사가 무너져 매몰되어 사망",2020.10.13
311,"[10/13, 춘천] 인양 중인 데크플레이트가 낙하하면서 재해자가 깔려 2..",2020.10.13
312,"[10/12, 정선] 과수원에서 고소작업대가 전도되어 깔려 사망",2020.10.14
313,"[10/13, 포천] 폐기물 수거차량 아웃트리거와 벽면 사이에 끼어 사망",2020.10.14
314,"[10/14, 서울] 굴착기 버킷이 떨어지면서 깔려 사망",2020.10.16
315,"[10/15, 부산] 겐트리크레인 전등 케이블 포설 작업 중 맨홀로 떨어져..",2020.10.16
316,"[10/16, 연천] 원료(마사) 저장 호퍼 하부 임펠러에 끼어 사망",2020.10.20
317,"[10/16, 양주] 고무성형기 상판금형이 떨어지면서 금형 상,하판 사이..",2020.10.20
318,[10/19. 용인] 우수관로 굴착사면 붕괴로 매몰되어 사망.,2020.10.20
319,"[10/20, 창원] 철거 중이 조적벽체가 무너져 매몰되어 1명 사망, 1명 ..",2020.10.20
320,"[10/22, 봉화] 양생 중 거푸집 붕괴되어 7명 부상",2020.10.23
321,"[10/24, 서울] 건물 해체작업 전 폐기물 분류 작업 중 떨어져 사망",2020.10.27
322,"[10/26, 합천] 자재 하차 작업 중 지게차에 부딪혀 사망",2020.10.27
323,"[10/26, 경주] 궤도공사 장비가 추돌하여 1명 사망, 1명 부상",2020.10.27
324,"[10/27, 군산] 건설현장 내 지게차 운행 중 전복되어 사망",2020.10.28
325,"[10/28, 충주] 차량 전광판 수거를 위해 이동 중 교량 단부에서 떨어..",2020.10.28
326,"[10/28, 산청] 철판 하차작업 중 슬링밸트가 끊어지면서 철판에 깔려 ..",2020.10.28
327,"[10/27, 용인] 방수작업 중 슬라브 단부에서 떨어져( H=4.1m) 사망",2020.10.29
328,"[10/28, 대구] 취정수시설물 안전진단을 위한 수중조사 중 실종되어 ..",2020.10.29
329,"[10/30, 용인] 크레인 붐대 연장작업 중 붐대가 꺽이면서 깔려 2명 사..",2020.10.30
330,"[11/1, 화성] 하차작업 중 전도되는 굴착기에 깔려 사망",2020.11.02
331,"[11/1, 김포] 도시가스 배관 절단 작업 중 질식으로 사망",2020.11.02
332,"[11/1, 강릉] 모래생산 기계에 왼팔이 끼어 사망",2020.11.02
333,"[11/2, 김천] 집수정 점검 중 기계식주차설비 균형추에 협착되어 사망",2020.11.02
334,"[11/2, 울주] 컨베이어 수리 중 롤러에 끼어 사망",2020.11.02
335,"[10/31, 서천] 이동 중 데크플레이트가 미설치된 개구부로 떨어져 1명..",2020.11.04
336,"[10/31, 서산] 굴러 떨어지는 보강토 블록에 맞아 사망",2020.11.04
337,"[11/2, 함안] 굴착기를 사용하여 운반 중인 정화조에 충돌(협착)되어 ..",2020.11.04
338,"[11/4, 서울] 물탱크실 지붕 샌드위치판넬 설치 중 떨어져 사망",2020.11.06
339,"[11/6, 대구] 음주운전 차량이 음식물수거차를 추돌하여 사망",2020.11.06
340,"[11/6, 안동] 산소절단 중인 철판이 전도되어 깔려 사망",2020.11.06
341,"[11/6, 인천] 수압테스트 중 비래된 덮개(캡)에 맞아 사망",2020.11.09
342,"[11/7, 안성] 철골기둥 설치 작업 중 기둥과 함께 떨어져 사망",2020.11.09
343,"[11/8, 하동] 유량계 바닥면 다짐 중 흔들리는 유량계에 맞아 사망",2020.11.09
344,"[11/9, 순천] 엘리베이터 내부 케이블 철거작업 중 떨어져(H=15m) 사..",2020.11.09
345,"[11/10, 안성] 지붕 수평보수 작업 중 떨어져 사망",2020.11.10
346,"[11/10, 남원] 옥외 간이 작업공간 설치작업 중 떨어져 사망",2020.11.10
347,"[11/12, 남양주] 엘리베이터 점검을 위해 옥상에서 이동 중 떨어져(H=..",2020.11.12
348,"[11/12, 부산] 전동지게차 충전기 수리 중 감전되어 사망",2020.11.12
349,"[11/12, 경남 고성] 골재파쇄기 베이링 교체 중 굴삭기 버켓이 부딪혀..",2020.11.12
350,"[11/13, 정선] 콘크리트 펌프카가 전도되면서 붐에 맞아 사망",2020.11.16
351,"[11/14, 용인] 폐기물 수거 작업 중 폐드럼통이 폭발하여 1명 사망, 1..",2020.11.16
352,"[11/15, 강릉] 벌목작업 중 벌도목에 맞아 사망",2020.11.16
353,"[11/15, 대전] 아파트 옥상 배수로 방수 작업 중 떨어져(H=23m) 사망",2020.11.16
354,"[11/16, 서울] 도로 교통신호 중 덤프트럭에 부딪혀 사망",2020.11.18
355,"[11/17, 고양] 아파트 외벽 달비계 작업 중 떨어져(H=75m) 사망",2020.11.18
356,"[11/17, 화순] 벌목작업 중 벌도목에 맞아 사망",2020.11.18
357,"[11/18, 서울] 교량 강연선 긴장작업 후 정착부가 파단되면서 강연선..",2020.11.18
358,"[11/19, 인천] 화장품 ·살균제 제조 사업장 화재사고로 3명 사망, 6명..",2020.11.20
359,"[11/20, 청주] 농장 지붕교체 작업 중 선라이트가 부서지면서 떨어져(..",2020.11.23
360,"[11/20, 남양주] 터널 부석 점검 중 천단부 낙석에 매몰되어 사망",2020.11.23
361,"[11/23, 세종] 아파트 외벽 보수공사를 위해 달비계 탑승 중 떨어져 ..",2020.11.23
362,"[11/24, 광양] 제철소 내 산소배관 점검 중 폭발사고 발생하여 3명 사..",2020.11.24
363,"[11/24, 안성] 태양광 패널 설치 중 선라이트를 밟으면서 떨어져(H=4...",2020.11.25
364,"[11/24, 화성] 점검 중 패들믹서에 빠지면서 끼어 사망",2020.11.25
365,"[11/25, 부산] 외벽 낙하물방지망 설치 중 떨어져(H=43m) 사망",2020.11.25
366,"[11/25, 금산] 슬라브 멍에, 장선 설치 중 떨어져(H=2.8m) 사망",2020.11.25
367,"[11/28, 서울] 옥상 경사지붕 배수로 코팅작업 중 떨어져 사망",2020.11.30
368,"[11/28, 서울] 기둥거푸집 조립 작업 중 떨어져(H=10m) 사망",2020.11.30
369,"[11/28, 서산] 골재선별기 청소 중 호퍼내부에서 토사에 매몰되어 사..",2020.11.30
370,"[11/29, 수원] 이동식비계 2단 작업발판 위에서 도장작업 중 떨어져(H..",2020.11.30
371,"[11/29, 영월] 톤백포장기 개선작업 중 상판이 클램프에 빠지면서 낙..",2020.11.30
372,"[11/30, 부산] 달비계 탑승 준비 중 떨어져 사망",2020.11.30
373,"[11/30, 울산] 공장 지붕보수 작업 중 선라이트 파단되어 떨어져(H=10..",2020.12.01
374,"[11/30, 고양] 아파트 창틀 코킹작업을 위해 달비계 탑승 중 떨어져(H..",2020.12.01
375,"[12/1, 군포] 아파트 인테리어 공사 중 화재사고 발생하여 사망/부상..",2020.12.01
376,"[12/3, 아산] 고소작업차(스카이)에 탑승하여 외벽 실리콘 작업 중 떨..",2020.12.04
377,"[12/3, 부산] 출하제품 검수 작업 중 떨어져(H=3m) 사망",2020.12.04
378,"[12/4, 부안] 어선 내 LPG 누출로 폭발사고 발생하여 1명 사망, 1명 ..",2020.12.07
379,"[12/9, 아산] 차량탑재형 고소작업대 사용 작업 중 떨어져 1명 사망, ..",2020.12.10
380,"[12/9, 포항] 제철소 내 국소배기장치 보수작업 중 덕트내부로 떨어져..",2020.12.10
381,"[12/9, 서울] 아파트 외벽도장 작업 중 달비계 주로프가 파단되어 떨..",2020.12.10
382,"[12/9, 파주] 흙막이 스트러트 상부 이동 중 떨어져(H=2.9m) 사망",2020.12.14
383,"[12/11, 용인] 아파트 외벽도장작업을 위해 달비계에 앉는 순간 떨어..",2020.12.14
384,"[12/11, 화성] 유기용제 드럼용기 분쇄작업 중 폭발사고 발생하여 1명..",2020.12.14
385,"[12/12, 울산] 고소작업차 사용 작업 중 떨어져(H=11m) 사망",2020.12.14
386,"[12/13, 홍성] 탈취설비용 덕트설치 작업 중 떨어져(H=5m) 사망",2020.12.16
387,"[12/15, 경산] CNC드릴머신 사용작업 중 몸통이 끼어 사망",2020.12.16
388,"[12/15, 김해] 작업 중 세척조와 철재 케리어 구조물 사이에 끼어 사..",2020.12.16
389,"[12/16, 경산] CNC머신에서 연마작업 중 회전체에 말려 사망",2020.12.17
390,"[12/20, 평택) 데크플레이트 상부 철근조립 작업 중 떨어져 3명 사망,..",2020.12.21
391,"[12/18, 군산] 인양작업 중 낙하하는 철판에 맞아 사망",2020.12.21
392,"[12/21, 하동] 정리작업 중 후진하는 굴착기에 깔려 사망",2020.12.23
393,"[12/22, 파주] 화재사고 발생하여 사망",2020.12.23
394,"[12/23, 용인] 벌목작업 중 쓰러지는 나무에 맞아 사망",2020.12.23
395,"[12/25, 인천] 탈수기의 원심력에 의해 튕겨나온 공구에 맞아 사망",2020.12.29
396,"[12/26, 안양] 승강기를 매단 체인이 파손되어 낙하하여 승강기내부 ..",2020.12.29
397,"[12/26, 횡성] 급경사지에서 벌목작업 중 굴러 떨어져 굴착기 운전원 ..",2020.12.29
398,"[12/28, 구리] 고체연료통이 넘어져 화재사고 발생하여 1명 사망, 2명..",2020.12.29
399,"[12/30, 천안] 작업 중인 굴착기와 운행 중인 화물열차가 충돌하여 2..",2020.12.30
400,"[12/30, 창원] 건조기 내 착화작업 중 폭발사고 발생하여 사망",2021.01.04
401,"[1/3, 울산] 자동차 공장 압축기 스크랩 청소 중 끼어 사망",2021.01.04
402,"[1/4, 포항] 덤웨이터를 사용하여 식자재 운반작업 중 머리가 끼어 사..",2021.01.04
403,"[1/4, 용인] 엘리베이터 출입문 상부 구동장치 설치 중 떨어져 사망",2021.01.06
404,"[1/5, 천안] 건축외장재 증기양생 중 폭발사고 발생하여 1명 사망, 1..",2021.01.06
405,"[1/6, 양산] 물류창고 토크 접안 중인 트레일러에 부딪혀 사망",2021.01.06
406,"[1/7, 인천] 누수 보수를 위해 천장 텍스 상부 이동 중 떨어져(H=14m)..",2021.01.11
407,"[1/8, 청주] 컨베이어 벨트 누름장치의 회전판에 끼어 사망",2021.01.11
408,"[1/11,광주] 압출기에 재료 투입 중 스크류컨베이어에 끼어 사망",2021.01.11
409,"[1/12, 부산] 외부 창틀 주변 방수작업 중 떨어져 사망",2021.01.14
410,"[1/15, 수원] 스프링클러 보수를 위한 우레탄 작업 중 화재사고 발생..",2021.01.18
411,"[1/15, 남양주] 골프연습장 측면 망 보수작업 중 떨어져(H=10m) 사망",2021.01.18
412,"[1/16, 파주] 건설폐기물 처리사업장에서 후진하는 로우더에 깔려 사..",2021.01.18
413,"[1/18, 경주] 프레스 유압장치 수리 중 상판과 하판 사이에 끼어 사망",2021.01.18
414,"[1/19, 함안] 지게차 수리 중 하강하는 포크에 깔려 1명 사망, 2명 부..",2021.01.21
415,"[1/20, 과천] 전도되는 기초파일에 맞아 사망",2021.01.21
416,"[1/20, 성남] 드럼통 내의 부동액을 용기로 옮기는 중 폭발사고 발생..",2021.01.21
417,"[1/23, 시흥] 벽체 콘크리트 타설 중 거푸집 붕괴로 1명 사망, 2명 부..",2021.01.27
418,"[1/23, 양양] 양수작업을 위해 내려가는 중 채광창설치 부분으로 떨어..",2021.01.27
419,"[1/23, 함평] 도장부스 상부 덕트 설치작업 중 떨어져(H=9.5m) 사망",2021.01.27
420,"[1/26, 거제] 조개채취를 위한 잠수작업 중 공기 공급이 중단되어 사..",2021.01.27
421,"[1/28, 남양주] 헌옷 압축 프레스에 끼어 사망",2021.01.29
422,"[1/28, 인천] 폐콘크리트 재생 사업장 내 컨베이어 벨트드럼에 끼어 ..",2021.01.29
423,"[1/29, 구미] 원인미상 폭발사고 발생하여 8명 부상",2021.02.02
424,"[1/31, 용인] 외부 페인트 제거 작업 중 떨어져(H=6.8m) 사망",2021.02.02
425,"[2/2, 경기 광주] 창고 천막 수리작업 중 떨어져(H=5m) 사망",2021.02.02
426,"[2/2, 세종] 스프링클러 아크용접 작업 중 화재사고 발생하여 3명 부..",2021.02.02
427,"[2/2, 영월] 냉각기 정비 중 떨어져(H=1.5m) 사망",2021.02.02
428,"[2/5, 강릉] 상수관로 되메우기 작업 중 후진하는 굴착기에 부딪혀 사..",2021.02.08
429,"[2/5, 울산] 미세조정 작업 중 흘러내린 철판과 받침대 사이에 끼어 ..",2021.02.08
430,"[2/6, 화성] 되메우기 작업 중 토사 정리를 위해 후진하는 굴착기에 ..",2021.02.08
431,"[2/8, 홍천] 축사 지붕교체작업 중 선라이트를 밟고 떨어져 사망",2021.02.15
432,"[2/8, 서울] 콘크리트 타설 작업 중 데크플레이트가 무너지면서 떨어..",2021.02.15
433,"[2/9, 나주] 교회 지붕 위 조형물 설치 중 떨어져(H=9m) 사망",2021.02.15
434,"[2/10, 화성] 엘리베이터 도어설치 준비 중 슬래브 단부에서 떨어져(H..",2021.02.15
435,"[2/13, 인천] 폐수처리장 폭기조 슬러지 청소 중 황화수소 중독(추정)..",2021.02.15
436,"[2/16, 부산] 제강공장에서 코일 포장재 제거 작업 중 코일 사이에 끼..",2021.02.18
437,"[2/18, 강릉] 발전소 공사현장에서 그레이팅 개방 작업 중 떨어져 사..",2021.02.19
438,"[2/19, 가평] 주택 신축 공사현장에서 떨어져 사망",2021.02.20
439,"[2/19, 거창] 골재채취현장에서 이적작업 중 가설도로 붕괴로 인해 떨..",2021.02.23
440,"[2/22, 부산] 아파트 신축현장에서 배관설치작업 중 가스관에 깔려 사..",2021.02.23
441,"[2/23, 인천] 폐기물처리장에서 이물질 제거 작업 중 기계에 끼어 사..",2021.02.23
442,"[2/24, 천안] 전신주 설치 중 파단된 카고크레인 붐대에 맞아 사망",2021.02.27
443,"[2/24, 거제] 소나무 재선충 방재작업 중 쓰러지는 나무에 맞아 사망",2021.02.28
444,"[2/24, 평택] 일식 음식점 주방 내 통로 이동 중 회칼에 찔려 사망",2021.02.28
445,"[2/27, 제주] 호텔 공사현장 슬래브가 붕괴하여 잔해에 깔려 사망",2021.03.03
446,"[3/1, 성남] 지게차에 적재된 판넬에 깔려 사망",2021.03.03
447,"[3/2, 울산] 외벽 우레탄 보온작업 중 떨어져 사망",2021.03.03
448,"[3/2, 태백] 제설작업 중 제설차량 바퀴에 깔려 사망",2021.03.08
449,"[3/6, 안동] 믹서기 내부 청소중 설비 가동으로 사망",2021.03.08
450,"[3/9, 울산] 화물용엘리베이터 설치 중 떨어짐",2021.03.09
451,"[3/9, 합천] 지붕 수리 작업 중 떨어져 사망",2021.03.09
452,"[3/10, 영천] 지붕 판넬 교체 작업 중 떨어져 사망",2021.03.11
453,"[3/11, 서산] 빔 설치중 빔과 빔 사이 끼여 사망",2021.03.15
454,"[3/11, 서산] 떨어지는 철근망에 깔려 사망",2021.03.15
455,"[3/12, 용인] 아파트 외벽 도장작업 중 떨어져 사망",2021.03.15
456,"[3/13, 인천] 지붕에서 이동 중 떨어져 사망",2021.03.15
457,"[3/13, 화성] 고소작업대에서 떨어져 사망",2021.03.15
458,"[3/15, 영광] 떨어지는 교명주에 깔려 사망",2021.03.16
459,"[3/15, 서울] 떨어지는 동바리에 맞아 사망",2021.03.16
460,"[3/15, 창원] 스티로폼 성형기 도어에 끼여 사망",2021.03.16
461,"[3/17, 서울] 개구부 아래로 떨어져 사망",2021.03.17
462,"[3/17, 김해] 주차타워 옥상에서 자재 정리 중 떨어짐",2021.03.17
463,"[3/19, 구리] 콘크리트 펌프카 호스에 맞아 사망",2021.03.22
464,"[3/18, 동해] 선박 내 작업 중 아연가스 중독으로 사망",2021.03.22
465,"[3/18, 김천] 상부에서 볼트 체결 중 떨어져 사망",2021.03.22
466,"[3/20, 홍성] 넘어지는 항타기 리더에 깔림",2021.03.22
467,"[3/19, 부산] 탈락된 해커에 머리를 맞아 사망",2021.03.24
468,"[3/19, 진안] 넘어지는 벌도목에 깔려 사망",2021.03.24
469,"[3/22, 남해] 쓰러지는 벌도목에 맞아 사망",2021.03.25
470,"[3/24, 울산] 넘어지는 판넬에 끼여 사망",2021.03.25
471,"[3/24, 울산] 사내 화물자동차에 부딪혀 사망",2021.03.25
472,"[3/26, 일산] 달비계에서 떨어짐",2021.03.27
473,"[3/26, 의정부] 타워크레인 붕괴",2021.03.27
474,"[3/26, 포항] 카트로 이동 중 도로 이탈, 떨어짐",2021.03.30
475,"[3/27, 부산] 수직선반(공작기계) 위에서 떨어짐",2021.03.30
476,"[3/30, 남양주] 교각 폼으로부터 떨어짐",2021.03.31
477,"[3/31, 울산] 스카이 작업대로부터 떨어져 사망",2021.04.01
478,"[4/1, 울산] 선라이트 지붕 파손으로 떨어져 사망",2021.04.01
479,"[4/2, 광주] 트레일러에 부딪혀 사망",2021.04.05
480,"[4/4, 광주] 철골빔 보강작업 중 붕괴되어 사망",2021.04.05
481,"[4/5, 포항] 철주에서 작업준비 중 떨어져 사망",2021.04.06
482,"[4/6, 서귀포] 카고크레인 운전 중 크레인과 넘어짐",2021.04.07
483,"[4/6, 경주] 움직이는 로봇에 의해 끼여 사망",2021.04.07
484,"[4/6, 대구] 현수막 설치 중 떨어져 사망",2021.04.07
485,"[4/7, 고성] 선라이트 지붕 해체 중 떨어져 사망",2021.04.07
486,"[4/7, 부천] 크레인 작업 중 인양물에 깔려 사망",2021.04.07
487,"[4/7, 서울] 후진하는 덤프트럭에 부딪혀 사망",2021.04.07
488,"[4/7, 서울] 시스템 동바리에서 이동 중 떨어져 사망",2021.04.08
489,"[4/8, 서울] 후진하던 차량에 부딪히면서 끼여 사망",2021.04.09
490,"[4/9, 경주] 떨어지는 후드와 용해로 사이 끼여 사망",2021.04.09
491,"[4/9, 여수] 선라이트 지붕 파손으로 떨어져 사망",2021.04.09
492,"[4/8, 창원] 체인에 맞은 후 떨어져 사망",2021.04.09
493,"[4/9, 함양] 날아오는 돌에 맞아 사망",2021.04.09
494,"[4/9, 나주] 달비계에서 작업 중 떨어짐",2021.04.09
495,"[4/11, 서산] 벌목작업 중 굴삭기에 깔려 사망",2021.04.12
496,"[4/12, 인천] 파이프 가공기계에 머리 끼여 사망",2021.04.15
497,"[4/14, 인천] 지게차에 부딪힌 후 깔려 사망",2021.04.15
498,"[4/14, 부산] 크레인과 기둥 사이 끼여 사망",2021.04.16
499,"[4/15, 울산] 달비계에서 떨어져 사망",2021.04.16
500,"[4/14, 파주] 작업발판 해체 중 떨어져 사망",2021.04.16
501,"[4/15, 신안] 전신주에서 떨어져 사망",2021.04.16
502,"[4/15, 파주] 착지핀에 맞아 사망",2021.04.17
503,"[4/16, 수원] 화물트럭에서 떨어져 사망",2021.04.17
504,"[4/18, 포천] 자재인양 중 H빔에 깔림",2021.04.19
505,"[4/18, 대구] 블록폼 거푸집에 깔림",2021.04.19
506,"[4/19, 화순]  다짐작업 중 롤러에서 떨어짐",2021.04.20
507,"[4/19, 서울] 고소작업대 난간에 머리가 끼임",2021.04.20
508,"[4/19, 산청] 지게차 바퀴에 깔림",2021.04.20
509,"[4/21, 세종] 비계 해체작업 중 떨어져 사망",2021.04.22
510,"[4/20, 성남] 중간 슬라브에서 떨어져 사망",2021.04.22
511,"[4/22, 평택] 컨테이너 구조물에 머리 맞아 사망",2021.04.23
512,"[4/23, 부산] 압력용기 출입구에 부딪힘",2021.04.28
513,"[4/24, 인천] 갱폼 작업발판에서 떨어짐",2021.04.28
514,"[4/25, 경주] 블럭 하부에 깔림",2021.04.28
515,"[4/26, 옥천] 덤프트럭에 깔림",2021.04.28
516,"[4/27, 인천] 철골작업 중 떨어짐",2021.04.28
517,"[4/28, 함양] 전주에 깔림",2021.04.30
518,"[4/29, 전주] 떨어진 암석에 맞아 사망",2021.05.03
519,"[4/30, 인천] 고압전선에 접촉 후 감전됨",2021.05.03
520,"[4/30, 서울] 슬라브 붕괴로 매몰되어 사망",2021.05.03
521,"[5/3, 대구] 비계파이프에서 미끄러져 사망",2021.05.04
522,"[5/3, 광양] 블레이드날에 끼어 사망",2021.05.04
523,"[5/6, 시흥] 자동 조립기에 끼임",2021.05.07
524,"[5/7, 화성] 철골구조물에서 떨어짐",2021.05.07
525,"[5/9, 경산] 외벽 달비계 도장 작업 중 떨어져 사망",2021.05.11
526,"[5/8, 하남] 철골 작업 중 떨어져 사망",2021.05.11
527,"[5/11, 김포] 거푸집조립 중 떨어져 사망",2021.05.12
528,"[5/12, 포천] 활석기 점검 중 끼임",2021.05.13
529,"[5/13, 울산] 시험실에서 시험 중 감전",2021.05.14
530,"[5/13, 천안] 굴삭기와 부딪혀 사망",2021.05.14
531,"[5/12, 김해] 수중 청소작업 중 사망",2021.05.17
532,"[5/17, 용인] 수평 재단기 칼날과 제품 사이 끼여 사망",2021.05.18
533,"[5/19, 화성] 작업 후 이동 중 바닥으로 떨어져 사망",2021.05.21
534,"[5/20, 광양] 레일과 컨베이어 사이에 끼어 사망",2021.05.21
535,"[5/20, 함안] 산업용로봇 팔에 끼어 사망",2021.05.21
536,"[5/20, 거제] 배선 설치를 위해 이동 중 떨어져 사망",2021.05.21
537,"[5/21, 고성] 철판 부재 사이에 끼여 사망",2021.05.26
538,"[5/22, 함평] 이동식 틀비계에서 떨어져 사망",2021.05.26
539,"[5/23, 창원] 후진하는 리치스태커에 깔려 사망",2021.05.26
540,"[5/24, 함안] 차량에 충돌한 후 깔려 사망",2021.05.26
541,"[5/24, 인천] 철판에 깔려 사망",2021.05.26
542,"[5/25, 광주] 강관제품 다발에 깔려 사망",2021.05.26
543,"[5/26, 군산] 고소작업대에서 떨어져 사망",2021.05.27
544,"[5/27, 안동] 떨어지는 자재에 맞음",2021.05.27
545,"[5/27, 인천] 떨어지는 돌에 맞아 사망",2021.05.27
546,"[5/27, 세종] 컨테이너 문 여는 순간 화물 떨어져 깔림",2021.05.28
547,"[5/29, 아산] 산업용 로봇 용접작업 중 끼임",2021.05.31
548,"[5/29, 홍천] 우수관로 공사 중 매몰되어 사망",2021.05.31
549,"[5/29, 세종] 계단으로 내려오던 중 떨어져 사망",2021.05.31
550,"[5/30, 울산] 질소에 의한 질식 추정으로 사망",2021.05.31
551,"[5/31, 음성] 콘크리트 믹서 내부 청소 중 사망",2021.05.31
552,"[5/28, 함양] 데크플레이트 설치 중 떨어져 사망",2021.05.31
553,"[5/19, 철원] 조적 작업 중 떨어져 사망",2021.06.01
554,"[5/30, 진도] 농로 포장 공사 작업 중 끼임",2021.06.01
555,"[6/1, 울산] 청소 작업 중 떨어짐",2021.06.01
556,"[6/1, 논산] 배관 설치 작업 중 매몰",2021.06.01
557,"[5/31, 청도] 진동롤러 경사면 굴러 깔림",2021.06.02
558,"[6/2, 고령] 차량 경사지에서 불시 이동되어 깔림",2021.06.02
559,"[6/3, 평택] 지게차에 부딪힌 뒤 깔려 사망",2021.06.03
560,"[6/4, 인천] 청소 중 개구부 턱에 걸려 떨어짐",2021.06.04
561,"[6/4, 인천] 화물차 위에서 지게차에 톤백 걸어주는 작업 중 떨어짐",2021.06.05
562,"[6/4, 대구] 건물 유리창 청소 중 떨어져 사망",2021.06.05
563,"[6/5, 포항] 다량의 소각재가 수조 속으로 떨어져 수증기 폭발 발생",2021.06.06
564,"[6/7, 서울] 아파트 외벽 도색 작업 중 떨어져 사망",2021.06.08
565,"[6/7, 서귀포] 작업발판을 밟고 이동 중 떨어짐",2021.06.09
566,"[6/8, 여수] 사내도로 이동 중 교통사고",2021.06.09
567,"[6/9, 평창] 건설현장 비계작업 중 떨어져 사망",2021.06.09
568,"[6/10, 천안] 지게차 작업 중 끼여 사망",2021.06.12
569,"[6/10, 수원] 조립식 판넬 해체작업 중 떨어져 사망",2021.06.16
570,"[6/14, 용인] 화물차가 경사로에서 밀려 떨어져 사망",2021.06.16
571,"[6/14, 평택] 철제거푸집에 깔려 사망",2021.06.16
572,"[6/15, 홍천] 벌도목에 머리 맞아 사망",2021.06.16
573,"[6/15, 인천] 가설전원 수리 중 감전되어 사망",2021.06.16
574,"[6/15, 영천] 전신주와 차량사이에 끼어 사망",2021.06.16
575,"[6/16, 광명] 담장이 무너져 깔림",2021.06.16
576,"[6/16, 포천] 비산방지망 씌우는 작업 중 바위 떨어져 맞음",2021.06.16
577,"[6/17, 부산] 크레인 와이어 후크가 떨어져 머리 맞음",2021.06.21
578,"[6/18, 화성] 비계에서 내려오던 중 떨어짐",2021.06.21
579,"[6/19, 거제] 미니굴착기가 전도되어 떨어짐",2021.06.21
580,"[6/19, 화성] 기설치된 벽체 철근이 무너져 깔림",2021.06.21
581,"[6/21, 인천] 형틀이 무너져 제품과 형틀 사이에 끼임",2021.06.21
582,"[6/21, 익산] 채광창 보수작업 중 지붕에서 떨어짐",2021.06.22
583,"[6/22, 전주] 타워크레인 해체작업 중 떨어짐",2021.06.22
584,"[6/22, 청주] 동바리 수평재 위에서 떨어짐",2021.06.23
585,"[6/23, 부산] 달비계 줄이 풀어져 떨어짐",2021.06.23
586,"[6/23, 통영] 시저형 고소작업대에서 떨어짐",2021.06.23
587,"[6/25, 과천] 프레임 인양 중 줄걸이로프가 파단되어 깔림",2021.06.29
588,"[6/25, 완주] 지게차가 경사로에서 전복되어 깔림",2021.06.29
589,"[6/26, 김포] 굴삭기 버켓에 부딪혀 사망",2021.06.29
590,"[6/28, 산청] 말비계에서 작업 중 떨어짐",2021.06.29
591,"[6/23, 시흥] 회분식 혼합기 폭발",2021.06.29
592,"[6/28, 전주] 폭우로 인하여 우수가 흘러들어 익사",2021.06.29
593,"[7/2, 경주] 취수탑 수문교체 작업 중 끼임",2021.07.02
594,"[7/2, 대구] 화물용 승강기와 함께 떨어짐",2021.07.05
595,"[7/3, 칠곡] 2층 거더 위에서 떨어짐",2021.07.05
596,"[7/4, 해남] 사다리에서 내려오던 중 떨어짐",2021.07.05
597,"[7/5, 부산] 리프트 점검 작업 중 떨어짐",2021.07.05
598,"[7/3, 용인] 이삿짐 리프트 탑승 중 떨어짐",2021.07.05
599,"[7/6, 인천] 고소작업대 탑승하여 유리창 시공 중 전도",2021.07.07
600,"[7/5, 홍성] 야외 적재물 위에서 비닐 덮개 설치 중 떨어짐",2021.07.08
601,"[7/8, 동해] 그늘에 앉아서 쉬던 중 쓰러짐",2021.07.09
602,"[7/9, 제주] 굴삭기 버킷으로 줄걸이 작업 중 탈락한 버킷에 맞음",2021.07.10
603,"[7/9, 부산] 결속기 불시기동에 의한 끼임",2021.07.10
604,"[7/9, 광주] 옹벽 안전난간과 캐노피 사이로 추락",2021.07.13
605,"[7/9, 음성] H-Beam과 컨베이어 사이 끼임",2021.07.13
606,"[7/10, 나주] 화물차와 지게차 사이에 끼임",2021.07.13
607,"[7/10, 평창] 안전대 후크를 건 생명줄 매듭이 풀려 추락",2021.07.13
608,"[7/10, 공주] 파렛타이저의 카운터웨이트와 프레임 사이 끼임",2021.07.13
609,"[7/13, 부산] 음식물 처리시설 반입저장조로 떨어짐",2021.07.13
610,"[7/13, 울산] 볼트가 해체된 강판을 밟아 뒤집어지면서 바닥으로 추락",2021.07.13
611,"[7/13, 서울] 수·변전반 결선작업 중 나충전부에 접촉되어 감전",2021.07.14
612,"[7/14, 포항] 케이블 드럼을 운반하던 중 케이블 드럼에 깔림",2021.07.14
613,"[7/15, 안양] 건물 외벽 도장작업 중 고소작업차에서 떨어짐",2021.07.15
614,"[7/16, 양주] 야외에서 작업 중 쓰러짐",2021.07.20
615,"[7/12, 수원] 이동식 비계 2단 작업발판에서 전지작업 중 떨어짐",2021.07.21
616,"[7/16, 포천] 신선기 작업 중 회전하는 드럼과 외측 프레임 사이 말려..",2021.07.21
617,"[7/17, 사천] 떨어지는 서포트에 깔려 사망",2021.07.21
618,"[7/18, 예산] 전지작업 중 잘린 나무에 머리 맞아 사망",2021.07.21
619,"[7/22, 울산] 탱크로리 상부에서 사망된 채로 발견",2021.07.23
620,"[7/23, 대전] 비계기둥을 타고 내려오던 중 떨어짐",2021.07.23
621,"[7/23, 김해] 지붕 철골 트러스 작업 중 떨어짐",2021.07.23
622,"[7/23, 부산] 구조물 상차작업 중 깔림",2021.07.24
623,"[7/23, 인천] 각재 상차작업 중 깔림",2021.07.24
624,"[7/25, 화성] 금형 내 명판 교체작업 중 끼임",2021.07.25
625,"[7/22, 양주] 낙하한 철근에 맞음",2021.07.26
626,"[7/23, 원주] 덤프트럭 경사로 진입 중 절벽으로 떨어짐",2021.07.26
627,"[7/24, 화성] 전지 작업 중 떨어짐",2021.07.27
628,"[7/24, 안성] 롤러 작업 중 깔림",2021.07.27
629,"[7/24, 부산] 달비계 작업 중 떨어짐",2021.07.27
630,"[7/27, 의성] 벽체 철거 작업 중 매몰",2021.07.27
631,"[7/27, 부안] 톤백과 거치대 사이에 끼임",2021.07.28
632,"[7/29, 포천] 청소 중 컨베이어 리턴 부위에 끼임",2021.07.30
633,"[7/29, 김해] 슬레이트 지붕 파손으로 떨어짐",2021.07.30
634,"[7/29, 경산] 압출기 이송용 풀러에 신체 부딪힘",2021.07.30
635,"[7/31, 남양주] 곤돌라와 함께 떨어짐",2021.08.03
636,"[8/3, 봉화군] 유리창 청소 중 떨어짐",2021.08.03
637,"[8/3, 울릉군] 레미콘 차량 전복됨",2021.08.04
638,"[8/4, 여수] 전기판넬 충전부에 감전됨",2021.08.04
639,"[8/5, 고양] 굴삭기 버킷에 끼임",2021.08.05
640,"[8/5, 여수] 도저 바퀴에 끼임",2021.08.05
641,"[8/5, 구미] 고소작업차에 깔림",2021.08.06
642,"[8/6, 제주] 비계에서 내려오던 중 떨어짐",2021.08.06
643,"[8/6, 서울] 낙하한 철근망에 맞음",2021.08.06
644,"[8/2, 단양] 암롤박스 위에서 떨어짐",2021.08.07
645,"[8/7, 천안] 시저형 고소작업대 넘어짐",2021.08.07
646,"[8/7, 고양] 전기보수작업 중 감전되어 떨어짐",2021.08.08
647,"[8/7, 태안] 진동롤러로 다짐작업 중 옹벽 하부로 떨어짐",2021.08.09
648,"[8/8, 안성] 비계 수직재 해체작업 중 떨어짐",2021.08.09
649,"[8/9, 인천] 제품 검수작업 중 쓰러짐",2021.08.10
650,"[8/10, 정읍] 자재 인양 작업 중 떨어짐",2021.08.10
651,"[8/11, 진주] 물 청소작업 중 설비 작동유무 점검하다 감전",2021.08.11
652,"[8/7, 여수] 용접작업 중 화재에 의한 화상",2021.08.11
653,"[8/11, 상주] 철근다발 상차작업 중 철근에 깔림",2021.08.11
654,"[8/12, 남양주] 지붕 위에서 이동 중 채광창 밟고 떨어짐",2021.08.12
655,"[8/11, 청주] 레이저 재단기에 끼임",2021.08.12
656,"[8/12, 포항] 덤프트럭에 부딪힘",2021.08.13
657,"[8/12, 서울] 후진하는 굴착기에 깔림",2021.08.13
658,"[8/16, 포천] 비계 변경 설치 중 떨어짐",2021.08.17
659,"[8/11, 부산] 조적벽 철거작업 중 벽체 무너져 깔림",2021.08.17
660,"[8/18, 부산] 작동 중인 압축기에 끼임",2021.08.18
661,"[8/17, 양평] 건물과 비계 사이로 떨어짐",2021.08.18
662,"[8/16, 평택] 부실한 덮개를 밟아 떨어짐",2021.08.20
663,"[8/19, 울산] 자재정리 중 리프트와 계단 사이 끼임",2021.08.20
664,"[8/19, 성주] 판넬지붕 위에서 미끄러져 떨어짐",2021.08.20
665,"[8/20, 창원] 풍력타워 부품 내부에서 떨어짐",2021.08.20
666,"[8/20, 김해] 후진하는 굴삭기와 화물차 사이 끼임",2021.08.20
667,"[8/20, 순천] 덤프트럭에 부딪힘",2021.08.21
668,"[8/20, 당진] 작업 중 누출된 가스로 인한 질식",2021.08.22
669,"[8/24, 대구] 금형사이에 머리 끼임",2021.08.24
670,"[8/25, 고양] 작업발판 위에서 떨어짐",2021.08.27
671,"[8/26, 천안] 작업발판 위에서 떨어짐",2021.08.27
672,"[8/27, 화성] E/V실 내부 판넬 설치작업 중 떨어짐",2021.08.27
673,"[8/27, 거창] 제초 작업 중 벌에 쏘임",2021.08.29
674,"[8/29, 부산] 용단 작업 중 바닥철판 무너져 떨어짐",2021.08.30
675,"[8/27, 경주] 전신주에서 배선작업 중 떨어짐",2021.08.30
676,"[8/31, 밀양] 철골 위에서 이동 중 떨어짐",2021.08.31
677,"[8/30, 정읍] 사다리에서 창호 보수작업 중 떨어짐",2021.08.31
678,"[8/31, 부산] 덤프 정비작업 중 적재함에 목 끼임",2021.09.02
679,"[9/1, 하동] 컨베이어에 둔부 끼임",2021.09.02
680,"[9/2, 경주] 톤백과 원료호퍼 상부에 머리 끼임",2021.09.03
681,"[9/3, 인천] 옥탑지붕 상부에서 작업 준비 중 떨어짐",2021.09.03
682,"[9/3, 김해] 용접로봇 용접 팁 교체작업 중 로봇에 끼임",2021.09.04
683,"[9/3, 포항] 지붕 위에서 채광창을 밟아 떨어짐",2021.09.04
684,"[9/4, 광주] 벽체거푸집 조립작업 중 떨어짐",2021.09.04
685,"[9/4, 양평] 우레탄 폼 충진작업 중 작업발판에서 떨어짐",2021.09.05
686,"[9/5, 동해] 토사 하역작업 중 덤프 적재함에 끼임",2021.09.05
687,"[9/5, 서울] 강화유리가 깨져 떨어짐",2021.09.06
688,"[9/5, 보성] 풀베기 작업 중 벌 쏘임",2021.09.06
689,"[9/6, 군포] 리프트 출입구에서 떨어짐",2021.09.06
690,"[9/7, 성주] 천장크레인 점검 중 떨어짐",2021.09.08
691,"[9/8, 의정부] 굴착 중 인접 조경석이 무너져 깔림",2021.09.09
692,"[9/8, 서울] 건물 외벽 청소 중 달비계 로프가 끊어져 떨어짐",2021.09.09
693,"[9/9, 서울] 자재 반입 중 환풍기 덮개와 함께 떨어짐",2021.09.09
694,"[9/9, 이천] 지붕에서 먹매김 작업 중 떨어짐",2021.09.10
695,"[9/9, 창원] 토사가 무너져 깔림",2021.09.10
696,"[9/9, 부산] 발코니 단부에서 떨어짐",2021.09.11
697,"[9/10, 홍성] 천장 마감작업 중 사다리에서 떨어짐",2021.09.12
698,"[9/11, 서울] 이동식 비계에서 작업 중 떨어짐",2021.09.13
699,"[9/13, 진천] 지게차 운전자가 넘어지는 지게차에 깔림",2021.09.14
700,"[9/13, 인제] 나무에 올라 잣 채취 중 감전됨(수정 게시)",2021.09.14
701,"[9/14, 시흥] 축조블럭 하역작업 중 떨어진 블럭에 깔림",2021.09.15
702,"[9/13, 거제] 철골 빔 위에서 중심을 잃고 떨어짐",2021.09.15
703,"[9/14, 창원] 공장 내 이동 중 지게차와 부딪힘",2021.09.15
704,"[9/14, 장수] 스키드로더와 덤프트럭에 끼임",2021.09.15
705,"[9/14, 서울] 고소작업대에서 떨어짐",2021.09.15
706,"[9/15, 세종] 지붕 방수공사 중 떨어짐",2021.09.16
707,"[9/16, 시흥] 외부비계 해체작업 중 떨어짐",2021.09.17
708,"[9/17, 화성] 견출작업 중 떨어짐",2021.09.18
709,"[9/23, 신안] 떨어지는 전주에 깔림",2021.09.23
710,"[9/23, 밀양] 실린더에 머리 부딪힘",2021.09.23
711,"[9/24, 양양] 벌목작업 중 옹벽 아래로 떨어짐",2021.09.27
712,"[9/26, 세종] 선회하는 굴착기에 끼임",2021.09.27
713,"[9/26, 울산] 변압기가 전도되면서 깔림",2021.09.27
714,"[9/27, 인천] 달비계로 건물 외부유리창 청소작업 중 떨어짐",2021.09.27
715,"[9/27, 서울] 사업장 내 보행 중 덤프트럭에 깔림",2021.09.27
716,"[9/27, 광양] 진입 중인 트레일러에 깔림",2021.09.27
717,"[9/28, 서울] 세탁기 수리 작업 중 감전",2021.09.29
718,"[9/30, 울산] 굴삭기에 부딪힘",2021.09.30
719,"[10/1, 영월] 고소작업대 운반구와 접속부 파단되면서 떨어짐",2021.10.01
720,"[10/1, 상주] 지붕 선라이트가 파손되면서 떨어짐",2021.10.01
721,"[10/4, 창원] 크레인 훅에 깔림",2021.10.06
722,"[10/4, 성남] 자재 운반작업 중 와이어로프에 맞음",2021.10.06
723,"[10/6, 김제] 차량과 장비 사이에 끼임",2021.10.07
724,"[10/6, 서울] 말비계에서 떨어짐",2021.10.07
725,"[10/7, 포항] 덤프트럭에 부딪힘",2021.10.07
726,"[10/7, 광주] 절지작업 중 떨어짐",2021.10.08
727,"[10/8, 전주] 폐지압축물에 깔림",2021.10.09
728,"[10/8, 울진] 굴착기가 넘어져 깔림",2021.10.09
729,"[10/8, 안산] 천장에서 이동 중 개구부로 떨어짐",2021.10.09
730,"[10/9, 오산] 떨어진 중량물에 맞음",2021.10.10
731,"[10/12, 군포] 리프트 점검 중 떨어짐",2021.10.12
732,"[10/12, 인천] 지붕 유리설치 작업 중 개구부로 떨어짐",2021.10.12
733,"[10/13, 음성] 고소작업대 탑승 중 옆으로 넘어져 기둥에 부딪힘",2021.10.13
734,"[10/13, 보령] 원단과 롤러 사이에 끼임",2021.10.14
735,"[10/13, 수원] 콘크리트 다짐작업 중 철근에 찔림",2021.10.14
736,"[10/14, 남양주] 타워크레인 인상작업 중 떨어짐",2021.10.14
737,"[10/14, 영천] 지붕 위에서 이동 중 떨어짐",2021.10.14
738,"[10/9, 제주] 이동 중 지게차와 부딪힘",2021.10.14
739,"[10/12, 상주] 청소작업 중 의자와 함께 넘어짐",2021.10.14
740,"[10/15, 창원] 철골기둥 사이 홈을 밟고 내려오던 중 떨어짐",2021.10.15
741,"[10/14, 옥천] 태풍 피해목 제거 중 가지에 맞음",2021.10.15
742,"[10/15, 부천] 교각과 고소작업대 사이 끼임",2021.10.17
743,"[10/16, 청주] 지붕 슬레이트 파단되어 떨어짐",2021.10.17
744,"[10/16, 완주] 철판자재 더미 위로 넘어져 허벅지 베임",2021.10.17
745,"[10/17, 김포] 공장 지붕 썬라이트를 밟고 떨어짐",2021.10.17
746,"[10/18, 포항] 썬라이트를 밟아 파손되어 아래로 떨어짐",2021.10.18
747,"[10/18, 서울] 고소작업대 탑승하여 하강 중 떨어짐",2021.10.18
748,"[10/18, 횡성] 고소작업차량과 옹벽 사이 끼임",2021.10.18
749,"[10/19, 평택] 펌프카 배관에 부딪혀 떨어짐",2021.10.20
750,"[10/19, 김포] 유압프레스 시운전 중 볼트에 맞음",2021.10.20
751,"[10/20, 보령] 설비 내부점검 중 끼임",2021.10.21
752,"[10/22, 인천] 공사현장에서 H형강에 깔림",2021.10.22
753,"[10/22, 시흥] 설비 내부로 들어가 수리 중 장치에 끼임",2021.10.22
754,"[10/23, 서울] 방출된 CO2 소화약제에 질식",2021.10.23
755,"[10/22, 광양] 이동 중 야드 트랙터에 부딪힘",2021.10.23
756,"[10/23, 여수] 달비계 줄 끊어지면서 떨어짐",2021.10.23
757,"[10/26, 거창] 상부에서 떨어진 암석에 맞음",2021.10.26
758,"[10/26, 부안] 사다리로 이동 중 떨어짐",2021.10.26
759,"[10/27, 창원] 배드와 이송기 사이에 상체 끼임",2021.10.27
760,"[10/20, 창원] 냉수배관 청소작업 중 가스 흡입",2021.10.28
761,"[10/26, 영월] 발파 모선작업 중 떨어진 부석에 맞음",2021.10.29
762,"[10/25, 안성] 지붕판넬 철거작업 중 떨어짐",2021.10.29
763,"[10/29, 김포] 탈락한 버킷에 맞음",2021.10.29
764,"[10/29, 신안] 오거 조립작업 중 떨어짐",2021.10.29
765,"[10/29, 화천] 차량 압축장치에 끼임",2021.11.01
766,"[11/1, 화성] 컨베이어에 끼임",2021.11.02
767,"[10/22, 부여] 지게차에서 떨어짐",2021.11.03
768,"[11/3, 원주] 슬래브에 깔림",2021.11.03
769,"[10/31, 화성] 집진기 해체공사 중 떨어짐",2021.11.05
770,"[11/4, 삼척] 레미콘 차량 전복",2021.11.05
771,"[11/4, 대구] 갈탄으로 인한 가스흡입",2021.11.05
772,"[11/4, 당진] 작업 진행상황을 촬영 중 굴착기 바퀴에 깔림",2021.11.06
773,"[11/8, 고양] 승강로에서 떨어짐",2021.11.09
774,"[11/11, 사천] 사다리에서 떨어짐",2021.11.12
775,"[11/12, 남양주] 창호 샤시 설치 중 떨어짐",2021.11.12
776,"[11/12, 경기도 광주] 토사에 깔림",2021.11.12
777,"[11/12, 신안] 전주 철거작업 중 깔림",2021.11.13
778,"[11/12, 서울] 달비계에 탑승하려던 중 떨어짐",2021.11.13
779,"[11/13, 김포] 썬라이트를 밟고 떨어짐",2021.11.14
780,"[11/14, 보령] 옹벽 바닥에 쓰러짐",2021.11.14
781,"[11/9, 대구] 사다리에서 떨어짐",2021.11.15
782,"[11/12, 화성] 건조설비 상부에서 떨어짐",2021.11.15
783,"[11/17, 공주] 컨베이어 위에서 분쇄기로 떨어짐",2021.11.17
784,"[11/17, 서울] 사다리에 올라 감 수확 중 떨어짐",2021.11.18
785,"[11/19, 전주] 콘크리트 타설 중 펌프카 붐대에 맞음",2021.11.21
786,"[11/18, 김해] 고소작업대에서 떨어짐",2021.11.22
787,"[11/19, 부산] 외벽 도장작업 준비 중 떨어짐",2021.11.22
788,"[11/19, 완도] 승강기 점검 중 깔림",2021.11.22
789,"[11/21, 진천] 칼라강판 설치작업 중 떨어짐",2021.11.23
790,"[11/22, 화성] 화물차 적재함에 끼임",2021.11.23
791,"[11/22, 서울] 정화조에 빠짐",2021.11.24
792,"[11/23, 김해] 식품혼합기 블레이드에 말려들어감",2021.11.24
793,"[11/24, 서울] 작업 중 떨어짐",2021.11.24
794,"[11/24, 부산] 화물용 리프트에 깔림",2021.11.24
795,"[11/25, 상주] 낙하한 플랫타이에 맞음",2021.11.26
796,"[11/27, 인천] 철골 위에서 떨어짐",2021.11.29
797,"[11/28, 영동] 덤프트럭이 전복되어 깔림",2021.11.30
798,"[11/28, 하남] 쓰레기 청소작업 중 떨어짐",2021.11.30
799,"[11/30, 강릉] 철거 중이던 컨베이어에 깔림",2021.12.01
800,"[11/30, 보령] 상차 중 닻과 적재함 사이에 끼임",2021.12.01
801,"[12/1, 영암] 상부에서 용접작업 중 떨어짐",2021.12.02
802,"[12/1, 울산] 자재에 부딪히면서 떨어짐",2021.12.02
803,"[12/1, 안양] 급발진한 로더에 깔림",2021.12.02
804,"[12/2, 서울] 난간대가 탈락되면서 함께 떨어짐",2021.12.02
805,"[12/2, 파주] 양중기 상태 확인 중 떨어짐",2021.12.02
806,"[12/1, 파주] 옥상 단부에서 떨어짐",2021.12.03
807,"[12/3, 인제] 넘어지는 벌도목에 끼임",2021.12.03
808,"[12/5, 부산] 케이지가 기울어져 떨어짐",2021.12.06
809,"[12/4, 화순] 벌도목 운반 중 떨어짐",2021.12.06
810,"[12/6, 수원] 탑차 내부의 장비가 쓰러져 깔림",2021.12.06
811,"[12/7, 용인] 옹벽거푸집 조립 중 토사 붕괴로 깔림",2021.12.08
812,"[12/10, 서울] 컨베이어 벨트와 롤러 사이에 끼임",2021.12.10
813,"[12/10, 포항] 화물차와 지게차 사이에 끼임",2021.12.10
814,"[12/10, 횡성] 작업 중 떨어짐",2021.12.11
815,"[12/13, 여수] 화재·폭발사고",2021.12.13
816,"[12/13, 안산] 성형기 가동 중 신체 끼임",2021.12.14
817,"[12/13, 서울] 쓰레기 수거 중 후미차량에 부딪힘",2021.12.14
818,"[12/14, 양산] 탱크로리에 화학물질 주입 중 흡입",2021.12.14
819,"[12/15, 화성] 천막 설치작업 중 떨어짐",2021.12.15
820,"[12/16, 부산] 굴삭기로 경계석 운반 중 깔림",2021.12.16
821,"[12/17, 산청] 벌목작업 중 벌도목에 깔림",2021.12.17
822,"[12/17, 제주] 견인작업 중 차량 하부에 깔림",2021.12.17
823,"[12/17, 화성] 이동 중 철근에 발이 걸려 떨어짐",2021.12.17
824,"[12/17, 서울] 현수막 보강작업 중 떨어짐",2021.12.18
825,"[12/18, 양산] 작업 중 끼임",2021.12.19
826,"[12/18, 구미] 컨베이어에 끼임",2021.12.19
827,"[12/18, 원주] 지붕에서 작업 중 떨어짐",2021.12.19
828,"[12/20, 인천] 고소작업대에서 떨어짐",2021.12.20
829,"[12/19, 남양주] 작업구간 확인 중 떨어짐",2021.12.22
830,"[12/22, 시흥] 냉난방기 설치를 위해 이동 중 떨어짐",2021.12.22
831,"[12/22, 강릉] 표지판 설치 중 옹벽 아래로 떨어짐",2021.12.23
832,"[12/22, 의정부] 덤프트럭이 신호수와 부딪힘",2021.12.23
833,"[12/24, 포항] 지게차에 깔림",2021.12.24
834,"[12/24, 화성] 용접작업 중 떨어짐",2021.12.24
835,"[12/24, 양평] 목재더미에 깔림",2021.12.24
836,"[12/25, 서울] 개구부로 떨어짐",2021.12.25
837,"[12/23, 인천] 작업 중 떨어짐",2021.12.27
838,"[12/27, 인천] 작업 중 감전",2021.12.28
839,"[12/27, 아산] 고소작업대에서 작업 중 떨어짐",2021.12.28
840,"[12/27, 양주] 굴착 작업 중 매몰",2021.12.28
841,"[12/27, 장흥] 차량과 철문 사이에 끼임",2021.12.28
842,"[12/28, 서울] 점검 중 떨어짐",2021.12.28
843,"[12/28, 대전] 고소작업대에서 작업 중 떨어짐",2021.12.28
844,"[12/28, 시흥] 코일과 거치대 사이에 끼임",2021.12.29
845,"[12/28, 인천] 타설 작업 준비 중 떨어짐",2021.12.29
846,"[12/29, 대구] 고소작업대에서 떨어짐",2021.12.29
847,"[12/29, 함안] 지붕판넬작업 중 떨어짐",2021.12.30
848,"[12/29, 음성] 콘크리트 타설 중 거푸집이 붕괴되어 매몰",2021.12.30
849,"[12/31, 인천] 낙하한 PC슬래브에 깔림",2022.01.01
850,"[1/1, 안산] 상승하는 팔레타이저에 끼임",2022.01.01
851,"[1/5, 홍성] 충전부에 접촉되어 감전",2022.01.05
852,"[1/5, 남양주] 스프링클러 배관 압력 확인 중 떨어짐",2022.01.07
853,"[1/8, 평택] 변압기 철거 중 전원에 접촉되어 감전",2022.01.09
854,"[1/10, 김해] 지게차와 쇼트기 사이에 끼임",2022.01.11
855,"[1/10, 대구] 말비계에서 떨어짐",2022.01.11
856,"[1/10, 울산] 가동 스크류에 끼임",2022.01.11
857,"[1/11, 군산] 배사관 사이 끼임",2022.01.12
858,"[1/12, 인천] PRD케이싱이 넘어지면서 작업자와 충돌",2022.01.12
859,"[1/12, 천안] 화물차량에 깔림",2022.01.13
860,"[1/14, 화성] 콘크리트 양생작업 중 일산화탄소 중독",2022.01.15
861,"[1/14, 횡성] 벌목작업 중 나무에 맞음",2022.01.15
862,"[1/15, 인천] 고정되지 않은 개구부 덮개를 밟고 떨어짐",2022.01.16
863,"[1/15, 대구] 크레인 거더에 깔림",2022.01.16
864,"[1/15, 남양주] 화물용승강기에 끼임",2022.01.17
865,"[1/15, 울산] 수문개폐 장치수리 잠수작업 중 익사",2022.01.17
866,"[1/17, 평택] 수리 중인 엘리베이터가 움직여 끼임",2022.01.18
867,"[1/18, 서울] 엘리베이터 개구부 내 지지대 설치작업 중 떨어짐",2022.01.18
868,"[1/19, 군산] 철거물에 깔림",2022.01.19
869,"[1/17, 인천] 비계에서 떨어짐",2022.01.19
870,"[1/19, 청주] 3층 창문 발코니에서 떨어짐",2022.01.19
871,"[1/19, 영암]선박 내 이동 중 떨어짐",2022.01.20
872,"[1/18, 해남] 작업 중 정화조에 떨어짐",2022.01.20
873,"[1/20, 포항] 작업 중 끼임",2022.01.20
874,"[1/19, 양주] 회전 중인 스크류에 끼임",2022.01.20
875,"[1/21, 청주] 2차전지 제조공장 화재",2022.01.22
876,"[1/21, 군산] 스플라이스에 깔림",2022.01.22
877,"[1/24, 울산] 크레인 작동 중 기둥 사이에 끼임",2022.01.25
878,"[1/25, 횡성] 벌목작업 중 벌도목에 흉부 맞음",2022.01.25
879,"[1/25, 안성] PC슬래브 설치작업 중 떨어짐",2022.01.27
880,"[1/26, 광주] 굴삭기와 지면 사이 끼임",2022.01.27
881,"[1/28, 울산] 지붕 선라이트가 파손되며 떨어짐",2022.01.28
882,"[1/28, 천안] 덤프트럭에 충돌 및 깔림",2022.01.29
883,"[1/29, 양주] 천공작업 중 토사 붕괴",2022.01.29
884,"[1/27, 김포] 적재대에서 떨어짐",2022.02.03
885,"[2/2, 음성] 발판에서 작업 중 떨어짐",2022.02.04
886,"[2/4, 대구] 덤프트럭에 깔림",2022.02.05
887,"[2/6, 광양] 고소작업대에서 작업 중 떨어짐",2022.02.07
888,"[2/8, 서울] 외부비계 외측으로 떨어짐",2022.02.08
889,"[2/8, 성남] 엘리베이터 케이지 위에서 작업 중 케이지가 낙하하여 떨..",2022.02.08
890,"[2/9, 경기도 광주] 지게차 수리작업 중 하부에 깔림",2022.02.10
891,"[2/11, 담양] 넘어지는 차량에 깔림",2022.02.11
892,"[2/11, 여수] 열교환기 기밀시험 중 폭발",2022.02.11
893,"[2/12, 경주] 떨어지는 자재에 맞음",2022.02.13
894,"[2/12, 인천] 구내운반트럭에 부딪힘",2022.02.14
895,"[2/14, 당진] 후진하는 굴착기에 깔림",2022.02.15
896,"[2/14, 대전] 넘어지면서 벽체에 머리 부딪힘",2022.02.15
897,"[2/15, 성주] 후진하는 페이로더에 부딪힘",2022.02.16
898,"[2/16, 구리] 사장교 개구부 밑으로 떨어짐",2022.02.16
899,"[2/16, 성주] 건물 외벽 판넬 설치작업 중 떨어짐",2022.02.16
900,"[2/19, 고성] 작업용 가스호스 운반 중 떨어짐",2022.02.19
901,"[2/21, 충주] 적재함에서 떨어짐",2022.02.22
902,"[2/22, 여주] 사다리에서 떨어짐",2022.02.23
903,"[2/23, 제주] 콘크리트 무너져 깔림",2022.02.23
904,"[2/23, 서산] 굴착기에 끼임",2022.02.24
905,"[2/21, 원주] 계단에서 떨어짐",2022.02.25
906,"[2/25, 화성] 화물차 상부에서 작업 중 떨어짐",2022.02.26
907,"[2/25, 홍천] 벌목 작업 중 나무에 맞음",2022.02.26
908,"[2/25, 울산] 산소절단기 작업 중 폭발",2022.02.26
909,"[2/26, 춘천] 이동식 비계에서 작업 중 떨어짐",2022.02.26
910,"[2/24, 충북] 천장크레인으로 설비조립 중 설비와 바닥에 깔림",2022.02.28
911,"[2/28, 여주] 후진하는 고소작업대에 깔림",2022.02.28
912,"[2/28, 화성]  지붕에서 내려오던 중 떨어짐",2022.02.28
913,"[2/28, 울산] 레미콘 차량 사이에 끼임",2022.03.01
914,"[3/2, 당진]  작업중 도금포트에 빠짐",2022.03.02
915,"[3/3, 양주] 암롤박스 하부에서 작업 중 깔림",2022.03.04
916,"[3/5, 천안] 상부에서 철골조립작업 중 떨어짐",2022.03.06
917,"[3/5, 포항] 안전난간대 간 틈 사이로 떨어짐",2022.03.06
918,"[3/5, 천안] 떨어지는 금형에 맞음",2022.03.06
919,"[3/7, 춘천] 넘어지는 적재물에 깔림",2022.03.07
920,"[3/7, 화성] 넘어지는 지게차에 깔림",2022.03.07
921,"[3/8, 대전] 아파트 발코니에서 작업 중 떨어짐",2022.03.08
922,"[3/8, 창녕] 무너지는 토사 및 콘크리트에 근로자 깔림",2022.03.08
923,"[3/8, 양산] 아파트 옥상에서 작업 준비중 미끄러져 떨어짐",2022.03.08
924,"[3/8, 김제] 굴삭기 넘어짐",2022.03.09
925,"[3/9, 고양] 떨어지는 철근에 맞음",2022.03.09
926,"[3/9, 고양] 굴착기 넘어지면서 부딪힘",2022.03.09
927,"[3/10, 김포] 믹싱기 날개에 끼임",2022.03.11
928,"[3/12, 창원] 콘크리트피트 아래로 떨어짐",2022.03.13
929,"[3/13, 서울] 떨어지는 전선드럼에 맞음",2022.03.13
930,"[3/14, 남해] 해상에서 선박 뒤집힘",2022.03.15
931,"[3/14, 고성] 엘리베이터 개구부로 떨어짐",2022.03.15
932,"[3/16, 인천] 보 설치 작업 중 낙하된 보에 맞음",2022.03.16
933,"[3/16, 부산] 비계 연결철물에 발이 걸려 넘어져 떨어짐",2022.03.16
934,"[3/16, 경남] 섬유벨트가 끊어져 중량물에 깔림",2022.03.17
935,"[3/16, 부산] 청소작업 중 하천 배수로에 떨어짐",2022.03.17
936,"[3/18, 양주] 담벼락 벽돌기둥이 넘어져 깔림",2022.03.18
937,"[3/18, 용인] 지게차에서 작업 중 떨어짐",2022.03.19
938,"[3/19, 당진] 철골에 깔림",2022.03.19
939,"[3/20, 안양] 철골보에서 떨어짐",2022.03.21
940,"[3/21, 포항] 안전대가 케이블 릴에 말려들어감",2022.03.21
941,"[3/21, 당진] 철근다발과 떨어지면서 깔림",2022.03.21
942,"[3/21, 청양] 지붕재 파손으로 떨어짐",2022.03.22
943,"[3/22, 거제] 선박 블록 사이에 끼임",2022.03.22
944,"[3/23, 부산] 회전하는 건설기계 버킷에 부딪힘",2022.03.23
945,"[3/23, 이천] 굴착 작업 중 토사가 붕괴되어 매몰",2022.03.23
946,"[3/23, 영덕] 전신주 위에서 떨어짐",2022.03.24
947,"[3/25, 청주] 회전하는 믹싱기 임펠라에 끼임",2022.03.26
948,"[3/25, 서울] 페인트 칠 작업 중 떨어짐",2022.03.26
949,"[3/25, 부산] 단열재 설치 작업 중 떨어짐",2022.03.26
950,"[3/21, 구리] 사다리 위에서 작업 중 떨어짐",2022.03.26
951,"[3/25, 거제] 떨어지는 물체에 맞음",2022.03.26
952,"[3/22, 서울] 이동식 틀비계에서 작업 중 떨어짐",2022.03.27
953,"[3/28, 인천] 떨어지는 벽돌에 머리 맞음",2022.03.29
954,"[3/28, 부천] 작업 중 천막이 찢어져 떨어짐",2022.03.29
955,"[3/29, 대구] 볼트조립 작업 중 떨어짐",2022.03.29
956,"[3/29, 안산] 배관 연결 조립 작업 중 탱크 폭발",2022.03.29
957,"[3/29, 영주] 도배작업 중 말비계에서 떨어짐",2022.03.30
958,"[3/30, 경산] 롤러에 구리스 주입 중 끼임",2022.03.31
959,"[3/31, 완주] 트럭 검사 중 하강하는 캡에 끼임",2022.03.31
960,"[3/31, 부여] 작업 중 감전",2022.04.01
961,"[4/1, 부여] 지붕판 교체 작업 중 떨어짐",2022.04.01
962,"[4/2, 울산] 절단 작업 중 가스 폭발",2022.04.03
963,"[4/2, 음성] 넘어지는 탱크에 부딪힘",2022.04.03
964,"[4/3, 안동] 지붕 위에서 작업 중 떨어짐",2022.04.03
965,"[4/4, 부산] 떨어진 사각봉에 맞음",2022.04.04
966,"[3/30, 공주] 목공 작업 중 떨어짐",2022.04.04
967,"[4/4, 광양] 떨어진 중량물에 깔림",2022.04.04
968,"[4/5, 진천] 이송기계에 머리 끼임",2022.04.06
969,"[4/5, 포천] 하강하는 프레스에 가슴 맞음",2022.04.06
970,"[4/5, 인천] 리프트에서 떨어짐(4m)",2022.04.06
971,"[4/6, 천안] 폭발에 의해 저장탱크 상부에서 떨어짐",2022.04.06
972,"[4/6, 김해] 지게차 넘어져 깔림",2022.04.08
973,"[4/7, 강릉] 굴착기 버켓에 머리 끼임",2022.04.08
974,"[4/7, 광양] 작업발판 틈새로 떨어짐",2022.04.08
975,"[4/6, 과천] 장비와 철골빔 사이 끼임",2022.04.08
976,"[4/8, 서울] 움직이는 차량과 벽 사이 끼임",2022.04.08
977,"[4/8, 사천] 넘어지는 나무에 깔림",2022.04.08
978,"[4/8, 양주] 철구조물에 끼임",2022.04.09
979,"[4/9, 용인] 백호 로더 헤드가드에 목 끼임",2022.04.11
980,"[4/12, 천안] 후진하는 굴착기에 부딪힘",2022.04.12
981,"[4/12, 서울] 실외기 점검 중 떨어짐",2022.04.13
982,"[4/13, 장성] 2층에서 1층으로 떨어짐",2022.04.13
983,"[4/14, 인천] 휀스 지지기둥 사이에 끼임",2022.04.14
984,"[4/14, 대구] 호이스트에서 이탈한 빔에 깔림",2022.04.14
985,"[4/14, 김해] 조립작업 중 떨어짐(수정)",2022.04.14
986,"[4/13, 경기 광주] 화물차에서 떨어짐",2022.04.15
987,"[4/15, 부산] 달비계 로프지지대가 탈락되면서 떨어짐",2022.04.15
988,"[4/15, 김포] 동료 작업자 구조 중 물에 빠짐",2022.04.16
989,"[4/16, 인천] 사다리가 넘어지며 떨어짐",2022.04.16
990,"[4/16, 부여] 차량과 차량 사이 끼임",2022.04.16
991,"[4/17, 평택] 팔레트 투입기 리프트에 끼임",2022.04.18
992,"[4/18, 서울] 넘어지는 냉동기에 깔림",2022.04.19
993,"[4/19, 부산] 떨어지는 와이어로프에 맞음",2022.04.19
994,"[4/19, 서울] 외부비계에서 이동 중 떨어짐",2022.04.20
995,"[4/20, 천안] 컨베이어에 끼임",2022.04.20
996,"[4/20, 광양] 파이프 사이에 끼임",2022.04.20
997,"[4/19, 제천] 일산화탄소 중독",2022.04.21
998,"[4/22, 화성] 떨어지면서 철근에 찔림",2022.04.22
999,"[4/22, 양평] 작업발판에서 떨어짐",2022.04.23
1000,"[4/23, 함양] 채광창을 밟아 떨어짐",2022.04.23
1001,"[4/23, 부여] 덤프트럭이 언덕 아래로 떨어짐",2022.04.23
1002,"[4/23, 서울] 고소작업대에서 작업 중 떨어짐",2022.04.24
1003,"[4/21, 화성] 인화성물질 용기 세척작업 중 폭발하여 전신화상",2022.04.25
1004,"[4/25, 양주] 원인 미상의 화재로 근로자 사망",2022.04.25
1005,"[4/25, 성남] 하역작업 중 유리자재에 깔림",2022.04.25
1006,"[4/25, 인천] 원재료에 매몰",2022.04.25
1007,"[4/21, 진천] 작업 중 떨어짐",2022.04.26
1008,"[4/25, 화성] 넘어진 철 구조물에 끼임",2022.04.26
1009,"[4/26, 인천] 차량 바퀴에 끼임",2022.04.27
1010,"[4/26, 부천] 금속탱크에 깔림",2022.04.27
1011,"[4/26, 포천] 슬레이트 지붕에서 떨어짐",2022.04.27
1012,"[4/27, 제천] 파쇄기에 끼임",2022.04.27
1013,"[4/20, 울산] 톨루엔 저장탱크 화재",2022.04.27
1014,"[4/21, 시흥] 무너지는 코일에 깔림",2022.04.28
1015,"[4/28, 대구] 풀러에 머리 끼임",2022.04.29
1016,"[4/26, 당진] 낙하 암석에 머리 맞음",2022.04.29
1017,"[4/27, 청주] 떨어지는 적재물에 몸 끼임",2022.04.29
1018,"[4/28, 광양] 전신주에서 떨어짐",2022.04.29
1019,"[5/1, 밀양 ] 고소작업대 난간 사이 끼임",2022.05.02
1020,"[5/1, 인천] 달비계 로프가 풀려 떨어짐",2022.05.02
1021,"[5/3, 남양주] 전신주에서 떨어짐",2022.05.03
1022,"[5/3, 하남] 중량물(포마트)에 깔림",2022.05.04
1023,"[5/4, 군산] 지게차에 부딪힘",2022.05.04
1024,"[5/4, 천안] 작업 중 떨어짐(4m)",2022.05.04
1025,"[5/4, 통영] 지게차에 깔림",2022.05.04
1026,"[5/4, 포천] 파쇄기에 끼임",2022.05.04
1027,"[5/4, 봉화] 벌도목에 깔림",2022.05.05
1028,"[5/5, 천안] 작업 중 떨어짐",2022.05.05
1029,"[5/6, 음성] 개구부에서 떨어짐",2022.05.08
1030,"[5/9, 김포] 시운전 중 송풍기 날개에 맞음",2022.05.10
1031,"[5/10, 평택] 작업발판에서 떨어짐",2022.05.10
1032,"[5/10, 제주] 강풍으로 넘어지는 방음벽에 깔림",2022.05.10
1033,"[5/11, 청도] 교반기에 끼임",2022.05.12
1034,"[5/9, 화성] 가설통로에서 떨어짐",2022.05.12
1035,"[5/11, 춘천] 이동식 크레인에서 떨어짐",2022.05.12
1036,"[5/13, 고양] 탈락하면서 떨어진 숏크리트에 맞음",2022.05.16
1037,"[5/14,  당진] 탱크로리 상부에서 떨어짐(2.4m)",2022.05.16
1038,"[5/14, 고양] 자재 인양 작업 중 5층에서 떨어짐",2022.05.16
1039,"[5/10, 거창] 지붕 수리 중 떨어짐(4m)",2022.05.16
1040,"[5/13, 서울] 열려 있던 맨홀에 빠짐",2022.05.16
1041,"[5/15, 평택] 화물차로부터 떨어진 H빔에 맞음",2022.05.16
1042,"[5/18, 경주] 거푸집에 깔림",2022.05.18
1043,"[5/18, 보령] 철제펜스와 롯드카 사이에 끼임",2022.05.19
1044,"[5/14, 진주] 넘어지는 파렛트에 깔림",2022.05.19
1045,"[5/19, 함안] 굴착기와 벽 사이에 끼임",2022.05.19
1046,"[5/19, 서울] 승강기 상부에서 떨어짐",2022.05.19
1047,"[5/19, 울산] 작업 중 폭발",2022.05.20
1048,"[5/19, 거창] 적재함 사이에 끼임",2022.05.20
1049,"[5/20, 고성] 굴착기에 부딪힘",2022.05.21
1050,"[5/20, 천안] 하강하는 리프트 구조물에 끼임",2022.05.22
1051,"[5/23, 서울] CCTV점검, 수리 작업 중 떨어짐",2022.05.23
1052,"[5/21, 대구] 리프트 수리 중 리프트 운반구에 깔림",2022.05.23
1053,"[5/23, 금산] 고소작업대에서 떨어짐(13m)",2022.05.24
1054,"[5/23, 포천] 암석 위에서 작업 중 떨어짐(7m)",2022.05.24
1055,"[5/24, 광주] 붐대가 꺾이면서 깔림",2022.05.25
1056,"[5/26, 진안] 낙하한 교각 구조물에 깔림",2022.05.27
1057,"[5/26, 울산] 성형기 금형 사이 끼임",2022.05.27
1058,"[5/26, 대구] 공구 파편에 가슴 맞음",2022.05.27
1059,"[5/27, 산청] 페이로더와 차량 사이 끼임",2022.05.27
1060,"[5/30, 인천] 스키로더에 깔림",2022.05.30
1061,"[5/30, 함안] 공장 내 화재·폭발 사고",2022.05.31
1062,"[6/1, 용인] 지반 붕괴로 펌프가 붐대가 넘어지면서 맞음",2022.06.02
1063,"[6/1, 인천] 흙을 담은 굴삭기 버켓이 떨어지면서 맞음",2022.06.02
1064,"[6/1, 광양] 크레인의 인양물이 탈락되어 맞음",2022.06.02
1065,"[5/28, 창원] 작업 중 차량에 부딪힘",2022.06.03
1066,"[6/2, 홍천] 과압 배관이 튕겨져 맞음",2022.06.03
1067,"[6/2, 부산] 사다리에서 떨어짐",2022.06.03
1068,"[6/3, 창녕] 작업 중 떨어짐",2022.06.04
1069,"[6/7, 옥천] 고소작업대에서 떨어짐",2022.06.07
1070,"[6/4, 안동] 수직하강하는 슬라이드에 끼임",2022.06.07
1071,"[6/7, 화성] 화학물질(톨루엔) 소분 중 화재",2022.06.09
1072,"[6/8, 상주] 조형기 금형 내부 청소 중 끼임",2022.06.09
1073,"[6/8, 성주] 후진하는 굴삭기 뒷바퀴에 깔림",2022.06.09
1074,"[6/12, 제주] 비계에서 떨어짐",2022.06.13
1075,"[6/12, 화성] 지붕 상부에서 떨어짐",2022.06.13
1076,"[6/12, 서천] 작업 중 전주에 닿아 감전",2022.06.13
1077,"[6/12, 완도] 작업 중 달비계에서 떨어짐",2022.06.13
1078,"[6/14, 서울] 주차타워에서 떨어짐",2022.06.17
1079,"[6/17, 당진] 트레일러 차량에서 떨어짐",2022.06.17
1080,"[6/17, 정읍] 회전하는 롤러에 끼임",2022.06.17
1081,"[6/20, 고양] 회전하는 혼합기에 몸 끼임",2022.06.20
1082,"[6/22, 서울] 외벽에서 작업 중 떨어짐",2022.06.23
1083,"[6/22, 인천] 떨어진 목재에 맞음",2022.06.23
1084,"[6/23, 광양] 덤프트럭 언덕 아래로 떨어짐",2022.06.23
1085,"[6/24, 삼척] 고소작업대에서 떨어짐",2022.06.27
1086,"[6/26, 삼척] 넘어지는 철재 지지대에 깔림",2022.06.27
1087,"[6/22, 경기광주] 세정탑 위에서 상태 점검 중 떨어짐",2022.06.28
1088,"[6/28, 음성] 쓰러진 나무를 정리하던 중 떨어짐",2022.06.28
1089,"[6/27, 광주] 작업 중 떨어짐",2022.06.28
1090,"[6/28, 광양] 구조물에 깔림",2022.06.28
1091,"[6/29, 포항] 지붕 위에서 작업 중 떨어짐",2022.06.29
1092,"[6/30, 용인] 침수된 터파기 구간에서 작업 중 익사",2022.06.30
1093,"[7/4, 고흥] 안전대가 끊어지며 떨어짐",2022.07.04
1094,"[7/4, 세종] 벽체 도장 중 떨어짐",2022.07.04
1095,"[7/3, 용인] A형 사다리에서 떨어짐",2022.07.06
1096,"[7/4, 영덕] 트럭과 담벼락 사이 끼임",2022.07.06
1097,"[7/5, 파주] 기계 위에서 떨어짐",2022.07.06
1098,"[7/5, 광주] 기계 장치에 머리 부딪힘",2022.07.06
1099,"[7/4, 양주] 작업 중 사다리에서 떨어짐",2022.07.07
1100,"[7/6, 창원] 지게차에 깔림",2022.07.07
1101,"[7/6, 안성] 연삭작업 중 감전",2022.07.07
1102,"[6/28, 서울] A형 사다리에서 작업 중 떨어짐",2022.07.08
1103,"[7/5, 인천] 열사병으로 인한 쓰러짐",2022.07.08
1104,"[7/11, 고양] 차량 바퀴와 롤러에 끼임",2022.07.12
1105,"[7/11, 상주] 블록성형기 설치 작업 중 떨어짐",2022.07.12
1106,"[7/12, 인천] 굴착면이 붕괴되면서 매몰",2022.07.13
1107,"[7/12, 아산] 인양 중인 갱폼과 옆 갱폼 사이에 끼임",2022.07.13
1108,"[7/12, 남원] 후진하는 차량 후미에 추돌 및 깔림",2022.07.13
1109,"[7/12, 남양주] 체인이 끊어지며 튕겨나온 레버풀러에 맞음",2022.07.13
1110,"[7/13, 산청] 후진하는 굴착기에 깔림",2022.07.13
1111,"[7/14, 포항] 작업 중 떨어짐",2022.07.14
1112,"[7/14, 파주] 작업 중 폭발",2022.07.14
1113,"[7/14, 양산] 기계에 끼임",2022.07.14
1114,"[7/14, 김포] 회전하는 알루미늄 선에 발이 끼임",2022.07.15
1115,"[7/15, 김포] 하역 작업 중 넘어지는 철골에 깔림",2022.07.15
1116,"[7/16, 부산] 개구부로 떨어짐",2022.07.16
1117,"[7/16, 군산] 작업 중 감전",2022.07.16
1118,"[7/18, 청주] 떨어지는 빔에 깔림",2022.07.20
1119,"[7/19, 정읍] 화물차에서 떨어짐",2022.07.20
1120,"[7/20, 인천] 고소작업대에서 떨어짐",2022.07.22
1121,"[7/20, 대구] 저류조 청소 작업 중 쓰러짐",2022.07.22
1122,"[7/20, 동해] 선박화물창에서 쏟아진 석탄회에 깔림",2022.07.22
1123,"[7/20, 대전] 활성탄 더미가 무너져 깔림",2022.07.22
1124,"[7/21, 산청] 작업 중 옹벽 아래로 떨어짐",2022.07.22
1125,"[7/21, 부산] 레미콘 작업발판에서 떨어짐",2022.07.22
1126,"[7/23, 화성] 스키드로더에 깔림",2022.07.23
1127,"[7/23, 울산] 무너지는 벽체에 깔림",2022.07.25
1128,"[7/25, 부천] 작업발판에서 실족하여 떨어짐",2022.07.26
1129,"[7/26, 제주] 튕겨 나온 와이어로프에 맞음",2022.07.26
1130,"[7/26, 안산] 움직이는 NC 보링기에 부딪힘",2022.07.27
1131,"[7/28, 시흥 능곡] 떨어지는 톤백에 맞음",2022.07.29
1132,"[7/30, 영동 영동] 넘어지는 내벽 거푸집에 맞음",2022.07.31
1133,"[7/31, 강릉] 비계 철거 작업 중 떨어짐",2022.08.01
1134,"[8/1, 아산] 청소 작업 중 떨어짐",2022.08.02
1135,"[7/29, 남양주] 고소작업대에서 작업 중 로프가 절단되어 떨어짐",2022.08.03
1136,"[7/30, 고양 덕양] 생수통에 담겨 있는 녹물제거제를 마심",2022.08.03
1137,"[7/30, 군위 삼국유사] 전선 결선 작업 중 인입선 충전부에 감전",2022.08.03
1138,"[8/4, 서울 노원] 자재에 깔림",2022.08.04
1139,"[8/4, 합천 합천] 지붕 채광창이 파손되면서 떨어짐",2022.08.06
1140,"[8/4, 무안 삼향] 사다리가 넘어지면서 떨어짐",2022.08.06
1141,"[8/5, 정읍 영파] 자재에 깔림",2022.08.06
1142,"[8/5, 안양 만안] 펌프카 붐대에 깔림",2022.08.06
1143,"[8/7, 부산 사상] 안전난간 설치 작업 중 사다리에서 떨어짐",2022.08.07
1144,"[8/8, 수원] 타워크레인에서 떨어짐",2022.08.08
1145,"[8/8, 부산] 외벽 도장 작업 중 떨어짐",2022.08.08
1146,"[8/8, 시흥] 철근 가공 작업 중 감전",2022.08.08
1147,"[8/8, 거창] 승강기에 탑승하여 이동 중 떨어짐",2022.08.08
1148,"[8/1, 용인 기흥] 절개지 배수로 정비 작업 중 벌에 쏘임",2022.08.09
1149,"[8/8, 서울 동작] 전지작업 중 가지톱이 전선에 접촉되어 감전",2022.08.09
1150,"[8/9, 부천 송내] 옥상 개구부 보호덮개 작업 중 떨어짐(12.7m)",2022.08.09
1151,"[8/2, 제천] 경운기 운행 중 하천으로 떨어짐",2022.08.10
1152,"[8/9, 동두천 송내동] 외부비계에서 미끄러져 떨어짐",2022.08.11
1153,"[8/10, 원주 문막읍] 플라스틱 드럼통 분쇄 중 폭발",2022.08.11
1154,"[8/11, 익산 금강동] 이송컨베이어 설비에 깔림",2022.08.12
1155,"[8/13, 서울 동대문구] 떨어지는 빔커터에 깔림",2022.08.14
1156,"[8/13, 의정부 용현동] 통로 위 H빔을 피하다가 떨어짐",2022.08.14
1157,"[8/15, 산청군 산청읍] 2층에 걸린 천막을 내리다 떨어짐",2022.08.16
1158,"[8/11, 서울시 구로구] 데크플레이트 설치 중 떨어짐",2022.08.16
1159,"[8/16, 부천] 덮개 이탈로 인하여 집수정 개구부에 떨어짐",2022.08.18
1160,"[8/17, 여주] 창틀에서 작업 중 떨어짐",2022.08.19
1161,"[8/18, 아산] 굴착법면이 무너지면서 깔림",2022.08.19
1162,"[8/18, 광명] 고소작업대에서 떨어짐",2022.08.19
1163,"[8/18, 용인] 크레인에서 떨어진 H빔에 맞음",2022.08.19
1164,"[8/21, 구미 임의동] 달비계에서 떨어짐",2022.08.22
1165,"[8/21, 보령 주산면] 지붕에서 떨어짐(7.2m)",2022.08.22
1166,"[8/22, 전주 덕진구] 지붕재를 밟고 개구부로 떨어짐",2022.08.22
1167,"[8/23, 인천 강화군] 배수관 설치 중 굴착사면에 깔림",2022.08.24
1168,"[8/23, 부산 사하구]중앙통로 횡단 중 지게차에 부딪힘",2022.08.24
1169,"[8/18, 강원도 화천군] 슬링벨트에서 이탈한 철근 다발에 깔림",2022.08.24
1170,"[8/21, 영천시 금호읍] 상승하는 자동 적재기와 프레임 사이에 끼임",2022.08.24
1171,"[8/24, 김천시 어모면] 엘리베이터 설치 중 파단된 와이어에 맞음",2022.08.24
1172,"[8/25, 인천] 작업 중 H빔에 맞음",2022.08.25
1173,"[8/25, 천안] 차량에 부딪힘",2022.08.26
1174,"[8/27, 부산 사하구] 지붕 보수공사 중 떨어짐",2022.08.28
1175,"[8/27, 전주 덕진구] 작업용 리프트에서 떨어짐",2022.08.28
1176,"[8/28, 함안] 크레인 작업 중 몸 끼임",2022.08.30
1177,"[8/29, 인천 동구] 선박에서 떨어짐",2022.08.30
1178,"[8/29, 봉화] 지반 붕괴로 매몰",2022.08.30
1179,"[8/29, 의정부] 화물차에서 떨어짐",2022.08.30
1180,"[9/1, 대구] 떨어진 철제품(샤프트)에 맞음",2022.09.02
1181,"[9/1, 음성] 코팅 기계 설치 작업 중 떨어짐",2022.09.03
1182,"[9/3, 달성] 떨어지는 기계에 맞음",2022.09.05
1183,"[9/3, 성남] 굴삭기 버킷과 흄관 사이 끼임",2022.09.05
1184,"[9/3, 당진] 고소작업대에서 떨어짐",2022.09.05
1185,"[9/3, 성남] 생명줄 설치 중 떨어짐",2022.09.05
1186,"[9/4, 김포] 크레인 붐대가 부러져 맞음",2022.09.05
1187,"[9/4, 양주시 백석읍] 철골 위에서 작업 중 떨어짐",2022.09.06
1188,"[9/4, 오산시 오산동] 사다리에서 작업 중 떨어짐",2022.09.06
1189,"[9/1, 거제시 아주동] 스키드 정반 사이에 끼임",2022.09.06
1190,"[9/5, 부산시 해운대구] 회전하는 임펠러에 끼임",2022.09.06
1191,"[9/7, 부산 동래구] 떨어지는 유리에 맞음",2022.09.07
1192,"[9/7, 서울 관악구] 유류탱크에서 떨어짐",2022.09.07
1193,"[9/8, 전북 군산시] 천장크레인으로 상차작업 중인 자재(환봉)에 맞음",2022.09.08
1194,"[9/9, 제주] 고소작업차에서 작업 중 떨어짐",2022.09.10
1195,"[9/13, 군포] 굴착기 전도되어 깔림",2022.09.14
1196,"[9/14, 광양 금호동]호퍼에서 떨어진 후 하부 게이트에 끼임",2022.09.14
1197,"[9/13, 창원 성산구]지붕에서 떨어짐(8m)",2022.09.15
1198,"[9/14, 공주 계룡면]지붕에서 떨어짐(7.2m)",2022.09.15
1199,"[9/14, 청주 서원구]인양고리 파손으로 떨어진 몰드판에 맞음",2022.09.15
1200,"[9/14, 고성 거류면]배관과 배관 사이에 끼임",2022.09.15
1201,"[9/14, 태백 장성동]죽탄에 휩쓸려 사망",2022.09.16
1202,"[9/15, 인천 미추홀]작업발판에서 떨어짐",2022.09.16
1203,"[9/15, 춘천 근화동]무너지는 토사더미에 가슴 맞음",2022.09.16
1204,"[9/15, 달성 논공읍]철판에 허벅지 베임",2022.09.16
1205,"[9/16, 창원 성산구]천장크레인과 기둥 사이 끼임",2022.09.17
1206,"[9/16, 단양 매포읍]트레일러 차량에 부딪힘",2022.09.17
1207,"[9/17, 청양 비봉면]황화수소 노출 및 질식(추정)",2022.09.17
1208,"[9/17, 광양 태인동]채광창을 밟고 떨어짐",2022.09.17
1209,"[9/20, 홍천 내면]예초작업 중 벌에 쏘임",2022.09.21
1210,"[9/18, 서울 강남구] 달비계에서 떨어짐",2022.09.22
1211,"[9/21, 원주 문막읍] 전기판넬 내부 진공차단기 교체 중 감전",2022.09.22
1212,"[9/21, 서울 강남구] 작업 중 떨어짐",2022.09.26
1213,"[9/23, 단양 적성면] 작업 중 낙반에 의하여 매몰",2022.09.26
1214,"[9/23, 제주 한경면] 작업 중 수조에 빠짐",2022.09.26
1215,"[9/24, 화성 마도면] 작업 중 떨어짐",2022.09.26
1216,"[9/22, 아산 권곡동] 고소작업대가 전도되어 떨어짐",2022.09.27
1217,"[9/26, 서울 서대문구] 작업 중 떨어짐",2022.09.27
1218,"[9/26, 여수 중흥동] 작업 중 떨어짐",2022.09.27
1219,"[9/27, 부산 영동구] 실외기 철거 작업 중 떨어짐",2022.09.28
1220,"[9/28, 포항 흥해읍] 크레인으로 내리던 자재에 머리가 부딪힘",2022.09.30
1221,"[9/29, 평택 포승읍] 줄걸이에서 탈락된 인양물에 맞음",2022.09.30
1222,"[9/29, 부천 중동] 달비계 탑승 중 떨어짐",2022.09.30
1223,"[9/29, 청양 운곡면] 줄걸이에서 빠진 철근 다발에 맞음",2022.09.30
1224,"[9/29, 의정부 가능동] 계단 단부에서 떨어짐",2022.09.30
1225,"[9/30, 화성 향남읍] 반응기에서 아세톤 누출 및 화재",2022.10.03
1226,"[10/2, 울산 무거동] 도장 작업 중 떨어짐(10m)",2022.10.04
1227,"[10/3, 사천 곤양면] 페인트 작업 중 사다리에서 떨어짐",2022.10.04
1228,"[10/4, 창원 성산구] 코일에 끼임",2022.10.04
1229,"[10/3, 순천 해룡면] 거푸집 해체 작업 중 넘어지면서 앵글에 머리 부..",2022.10.05
1230,"[10/4, 수원 팔달구] 개구부에서 떨어짐(3.5m)",2022.10.05
1231,"[10/4, 부산 동구] 타이어에 맞음",2022.10.05
1232,"[10/5, 인천 계양구] 수직사다리로 내려오던 중 떨어짐",2022.10.05
1233,"[10/5, 포천 가산면] 무너지는 원단에 맞음",2022.10.08
1234,"[10/5, 서울 은평구] 고소작업차 넘어짐",2022.10.08
1235,"[10/5, 익산 어양동] 벌에 전신 쏘임",2022.10.08
1236,"[10/6, 당진 송악읍] 넘어지는 H빔에 깔림",2022.10.08
1237,"[10/7, 창원 성산구] 소화설비 작동으로 이산화탄소 누출",2022.10.08
1238,"[10/6, 여수 화양면] 비계 외측에서 떨어짐",2022.10.09
1239,"[10/8, 시흥 정왕동] 천막 설치 작업 중 떨어짐",2022.10.09
1240,"[10/8, 서울 강남구] H빔 피하다가 굴착면으로 떨어짐",2022.10.10
1241,"[10/10, 인천 연수구] 달비계 작업 중 떨어짐",2022.10.11
1242,"[10/11, 세종시 연서면] 펌프카 붐대와 거푸집 사이에 끼임",2022.10.11
1243,"[10/11, 전남 영암군] 지붕에서 작업 중 채광창이 파손되어 떨어짐",2022.10.11
1244,"[10/11, 남양주 진접읍] 지게차 레버 오작동으로 헤드가드와 백레스트..",2022.10.12
1245,"[10/12, 평택 비전동] 도색 작업에 사용한 로프를 정리하던 중 떨어짐",2022.10.12
1246,"[10/12, 청주 흥덕구] 굴착기 넘어져 운전원 이탈로 인한 충격",2022.10.13
1247,"[10/14, 남양주 와부읍] 수압으로 튀어나온 관에 맞음",2022.10.15
1248,"[10/14, 하남 풍산동] H빔 해체 중 함께 떨어져 철근에 찔림",2022.10.15
1249,"[10/15, 평택 팽성읍] 작업 중 교반기에 끼임",2022.10.18
1250,"[10/15, 강원 양양군] 회전하는 굴착기에 부딪힘",2022.10.18
1251,"[10/16, 천안 서북구] 크레인 훅 파단되어 떨어지는 인양자재에 맞음",2022.10.18
1252,"[10/17, 김해 한림면] 산소 절단 작업 중 화재",2022.10.18
1253,"[10/17, 인천 연수구] 지붕에서 방수 작업 중 떨어짐",2022.10.18
1254,"[10/18, 양평 서종면] 고정되지 않은 작업발판을 밟고 떨어짐",2022.10.18
1255,"[10/18, 밀양 상남면] 지붕에서 측정 작업 중 떨어짐",2022.10.19
1256,"[10/19, 거제 거제면] 지게차 작업 중 우측 뒷바퀴에 끼임",2022.10.21
1257,"[10/19, 강원 원주시] 폐기물 차량의 적재함과 파카 사이에 끼임",2022.10.21
1258,"[10/21, 안성 원곡면] 콘크리트 타설 중 바닥 붕괴(사망 2명→3명)",2022.10.22
1259,"[10/21, 포항 장흥동] 크레인 훅에서 떨어진 달기구에 맞음",2022.10.22
1260,"[10/24, 서울 영등포구] 폰툰이 뒤집어져 물에 빠짐",2022.10.25
1261,"[10/24, 영천 임고면] 지붕 선라이트가 파손되며 떨어짐",2022.10.25
1262,"[10/24, 남양주 화도읍] 미끄러져내려오는 레미콘에 끼임",2022.10.27
1263,"[10/25, 대구 달서구] 거푸집 설치 작업 중 떨어짐(5m)",2022.10.28
1264,"[10/27, 부산 북구] 아파트 외벽 도장 작업 중 떨어짐",2022.10.28
1265,"[10/28, 원주 단계동] 외부 비계에서 이동 중 떨어짐(높이 10m)",2022.11.01
1266,"[10/28, 양주 은현면] 유입되는 하천수로 인하여 흙막이 배면 상부 매..",2022.11.01
1267,"[10/29, 성남 수정구] PIT 청소 중 하강하는 카 리프트에 끼임",2022.11.01
1268,"[10/29, 화성 봉담읍] 외벽 마감재 보수 작업 중 개구부로 떨어짐",2022.11.01
1269,"[10/31, 안성 보개면] 탱크 내부에서 점검 중 회전하는 임펠러에 끼임",2022.11.01
1270,"[11/2, 서울 도봉구] 샌드위치 판넬 철거 작업중, 트럭 적재함으로 떨..",2022.11.03
1271,"[11/1, 서천 한산면] 이동식 비계에서 떨어짐(1.7m)",2022.11.04
1272,"[11/3, 합천 용주면] 발파 후 떨어진 낙석에 굴착기 깔림",2022.11.04
1273,"[11/4, 하남 풍산동] 출입금지 로프 설치 중 떨어짐",2022.11.05
1274,"[11/4, 울주 온산읍] 떨어진 열교환기 부품에 깔림",2022.11.05
1275,"[11/5, 의왕 오봉역] 이동 중인 화차에 부딪힘",2022.11.07
1276,"[11/6, 제주 추자면] 투망 준비 중 와이어에 맞음",2022.11.08
1277,"[11/7, 광주 광산구] 떨어진 원자재(코일)에 머리 맞음",2022.11.08
1278,"[11/8, 광명 철산동] 옥상에서 로프 작업 준비 중 떨어짐",2022.11.09
1279,"[11/8, 화성 송산동] 덕트 내부 청소 작업 중 쏟아져 내린 분진에 매..",2022.11.09
1280,"[11/14, 부산 강서구] 말비계에서 떨어짐",2022.11.17
1281,"[11/16, 산청 삼장면] 적재기 내 이물질 제거 중 끼임",2022.11.17
1282,"[11/18, 서울 마포구] 사다리에서 떨어짐",2022.11.22
1283,"[11/22, 성남 수정구] 청소 차량 위에서 떨어짐(높이 3.1m)",2022.11.23
1284,"[11/22, 보령 청라면] 크레인 인양로프 파단되어 자재에 깔림",2022.11.23
1285,"[11/22, 대구 달성군] 자동화 설비 테스트 중 끼임",2022.11.25
1286,"[11/24, 부산 금정구] 굴러내려온 트럭에 부딪힘",2022.11.26
1287,"[11/25, 서울 영등포구] 빌딩 옥상에서 떨어짐",2022.11.26
1288,"[11/26, 광명 철산동] 휴식 중 지게차에 깔림",2022.11.26
1289,"[11/26, 화성 팔탄면] 바닥 데크플레이트 밀리면서 떨어짐",2022.11.27
1290,"[11/26, 공주 우성면] 쓰러지는 나무에 맞음",2022.11.27
1291,"[11/27, 양양 현북면] 헬기 운행 중 추락",2022.11.29
1292,"[11/28, 기장 장안읍] 나무에서 떨어짐",2022.11.29
1293,"[11/29, 창원 마산합포구] 21층에서 14층으로 떨어짐",2022.11.29
1294,"[11/29, 화성 선신면] 회전하는 롤에 끼임",2022.12.01
1295,"[11/29, 고양 일산동구] 주차장 지붕 청소 중 떨어짐",2022.12.01
1296,"[11/29, 광주 초월읍] 화물용 리프트를 타고 올라가던 중 구조물에 부..",2022.12.01
1297,"[11/29, 광양 다압면] 지붕 선라이트를 밟고 떨어짐",2022.12.01
1298,"[11/30, 화성 비봉면] 토사가 붕괴되어 매몰됨",2022.12.01
1299,"[12/01, 광주 광산구] 고소작업대에서 작업 중 떨어짐",2022.12.01
1300,"[12/01, 보령 주산면] 넘어지는 PC거더에 끼임",2022.12.02
1301,"[12/01, 남양주 수동면] 지게차 구조물 사이 끼임",2022.12.02
1302,"[12/04, 달성 논공읍] 리프트와 작업대 사이 끼임",2022.12.06
1303,"[12/05, 서울 송파구] 타이어 롤러에 깔림",2022.12.07
1304,"[12/07, 익산 망성면] 지붕에서 미끄러져 떨어짐",2022.12.07
1305,"[12/07, 순천 해룡면] 안전대 풀고 이동 중 떨어짐",2022.12.07
1306,"[12/07, 당진 정미면] 전기로에서 폭발",2022.12.08
1307,"[12/07, 부산 강서구] 낙하물에 깔림",2022.12.08
1308,"[12/9, 충북 음성군] 굴착기 바퀴에 깔림",2022.12.09
1309,"[12/10, 천안 서북구] 고소작업대에서 떨어짐",2022.12.12
1310,"[12/12, 충북 괴산군] 이동식 비계에서 떨어짐",2022.12.12
1311,"[12/12, 원주 반곡동] 작업 중 개구부로 떨어짐",2022.12.14
1312,"[12/13, 경산 남천면] 컨베이어 벨트에 끼임",2022.12.14
1313,"[12/13, 부산 기장군] 작업 중 떨어짐(10m)",2022.12.14
1314,"[12/13, 충북 진천군] 후진하는 굴착기 바퀴에 깔림",2022.12.14
1315,"[12/13, 고양 일산서구] 사다리에서 떨어짐(1.7m)",2022.12.15
1316,"[12/16, 고흥 풍양면] 넘어지는 빔에 맞음",2022.12.18
1317,"[12/17, 삼척 도계읍] 고소작업차량에서 떨어짐",2022.12.18
1318,"[12/19, 양평 지평면] 지게차 포크에 깔림",2022.12.20
1319,"[12/20, 평택 고덕동] 고소작업대에서 떨어짐",2022.12.21
1320,"[12/20, 상주 모동면] 채광창을 밟고 떨어짐",2022.12.21
1321,"[12/20, 울산 황성동] 압롤 박스가 넘어지면서 깔림",2022.12.21
1322,"[12/22, 옹진 영흥면] 굴착면 붕괴로 매몰됨",2022.12.23
1323,"[12/22, 인천 가정동] 넘어지는 각파이프와 비계 사이 끼임",2022.12.23
1324,"[12/22, 구리 인창동] 컨베이어 테일 드럼(회전부)에 끼임",2022.12.26
1325,"[12/23, 부산 연제구] 콘크리트 타설 호스를 잡은 채로 밀려 떨어짐",2022.12.26
1326,"[12/26, 순천 서면] 후진하던 로더에 끼임",2022.12.27
1327,"[12/26, 화성 신남리] 고소작업대가 전도되어 떨어짐",2022.12.27
1328,"[12/27, 인천 운서동] 토잉카 바퀴에 깔림",2022.12.27
1329,"[12/29, 전주 연산구] 외줄 비계에서 떨어짐(4m)",2023.01.02
1330,"[12/30, 울산 온산읍] 전신주 위에서 접지선 연결 작업 중 떨어짐(8m)",2023.01.02
1331,"[12/30, 서울 서초구] A형 사다리에서 작업 중 떨어짐(2m)",2023.01.02
1332,"[12/31, 화성 향남읍] 굴착기와 옹벽 사이에 끼임",2023.01.02
1333,"[12/28, 서울 관악구] 이동식 비계에서 떨어짐(1.2m)",2023.01.03
1334,"[12/30, 안산 단원구] 작업 중 개구부로 떨어짐(4.15m)",2023.01.03
1335,"[1/3, 화성 능동] 하강하는 운반구와 벽 사이에 끼임",2023.01.04
1336,"[1/3, 안산 상록구] 자재와 함께 뒤로 넘어짐",2023.01.05
1337,"[1/4, 인천 서구] 슬러지 증발건조 작업 중 화재 · 폭발",2023.01.05
1338,"[1/9, 광주 초월읍] 하역작업 중 떨어짐(2.3m)",2023.01.11
1339,"[1/9, 광주 광산구] 지게차 백레스트와 투입구 사이에 끼임",2023.01.11
1340,"[1/10, 남양주 진접읍] 이동식크레인에서 떨어진 거푸집에 맞음",2023.01.11
1341,"[1/10, 순천 서면] 태양광 설치 작업 중 떨어짐",2023.01.11
1342,"[1/10, 부산 사하구] 토치로 배관 절단 작업 중 화재",2023.01.12
1343,"[1/11, 화순 화순읍] 떨어지는 적재대에 깔림",2023.01.12
1344,"[1/13, 홍성 갈산면] 천공기 운전 중 추락(15m)",2023.01.16
1345,"[1/13, 평택 서탄면] 사내도로 보행 중 화물차와 충돌",2023.01.16
1346,"[1/14, 화성 팔탄면] 벽체 철근이 넘어지면서 깔림",2023.01.16
1347,"[1/14, 거제 지세포] 재 잠수 중 호흡정지",2023.01.16
1348,"[1/15, 부산 중구] 크레인으로 인양 중이던 벽돌에 맞음",2023.01.16
1349,"[1/18, 광주 능평동] 굴착사면이 붕괴되어 깔림",2023.01.19
1350,"[1/18, 화성 남양읍] 운반 중이던 설비에 깔림",2023.01.19
1351,"[1/19, 부산 영도구] 철골 빔 상부로 이동 중 떨어짐",2023.01.20
1352,"[1/23, 목포 연산동] 양망 작업 중 양망기에 끼임",2023.01.26
1353,"[1/25, 포항 북구] 태양광 배선작업 중 떨어짐",2023.01.26
1354,"[1/26, 광양 마동] 신호작업 중 레미콘 차량과 충돌",2023.01.27
1355,"[1/26, 진주 지수면] 작업 중 채광창을 밟고 떨어짐(5m)",2023.01.31
1356,"[1/28, 부산 사하구] 고소작업차에서 작업 중 떨어짐(7m)",2023.01.31
1357,"[1/28, 포항 오천읍] 크레인으로 이동 중인 자재가 떨어져 깔림",2023.01.31
1358,"[1/27, 인천 연수구] 이동식 틀비계에서 내려오던 중 떨어짐",2023.01.31
1359,"[1/31, 경기 양주시] 가동 중인 기계를 정비하던 중 끼임",2023.02.01
1360,"[1/31, 전남 완도군] 어구줄에 감겨 바다에 빠짐",2023.02.01
1361,"[1/31, 충북 청주시] 기계 정비 중 끼임",2023.02.01
1362,"[1/31, 경기 용인시] 콘크리트 보양장소 진입 중 질식",2023.02.01
1363,"[1/31, 경남 하동군] 뗏목 탑승 중 바다에 빠짐",2023.02.02
1364,"[2/1, 평택 가재동] 개구부 덮개 해체 중 떨어짐(5.6m)",2023.02.03
1365,"[2/3, 서울 서초구] 구조물 해체작업 중 빔 서포트에 부딪힘",2023.02.06
1366,"[2/3, 파주 적성면] 초고압살균기 시운전 중 폭발",2023.02.06
1367,"[2/4, 시흥 거모동] 외벽 페인트 작업 중 떨어짐(3m)",2023.02.06
1368,"[2/5, 의령 가례면] 지붕재 교체 작업 중 떨어짐(5.8m)",2023.02.06
1369,"[2/5, 괴산 청안면] 집재작업 중 굴착기 전도되어 깔림",2023.02.06
1370,"[2/6, 충북 음성군] 적재물 고정작업 중 쏟아져 깔림",2023.02.07
1371,"[2/7, 전남 순천시] 철거 작업 중 떨어짐",2023.02.08
1372,"[2/8, 충남 천안시] 화물차에서 내려오던 중 떨어짐",2023.02.09
1373,"[2/8, 전남 강진군] 계단참 용접작업 중 떨어짐",2023.02.10
1374,"[2/9, 충남 보령시] 청소작업 중 떨어짐",2023.02.10
1375,"[2/11, 경남 김해시] 도색작업 중 떨어짐",2023.02.13
1376,"[2/11, 경기 부천시] 거푸집 설치 작업 중 떨어짐",2023.02.13
1377,"[2/13, 경기 남양주시] 차량 해체 작업 중 깔림",2023.02.14
1378,"[2/13, 경기 광주시] 후진하던 화물차와 충돌",2023.02.14
1379,"[2/14, 충남 논산시] 나무가 넘어지면서 깔림",2023.02.15
1380,"[2/14, 강원도 강릉시] 거푸집 해체 작업 중 떨어짐",2023.02.15
1381,"[2/14, 인천광역시 중구] 공사자재 정리 작업 중 떨어짐",2023.02.15
1382,"[2/16, 부산시 강서구] 화물차 적재함에서 떨어짐",2023.02.20
1383,"[2/17, 전남 진도군] 양망 작업 중 줄에 감겨 바다에 빠짐",2023.02.20
1384,"[2/17,경북 성주군] 전봇대 상부에서 작업 중 떨어짐",2023.02.20
1385,"[2/17, 충북 청주시] 이동식 크레인으로 인양 중이던 단열재에 맞음",2023.02.20
1386,"[2/17, 부산 영도구] 적재함 상부에서 하역하던 중 떨어짐",2023.02.20
1387,"[2/20, 부산 금정구] 소형 승강기 철거 작업 중 균형추에 맞음",2023.02.21
1388,"[2/20, 부산 사상구] 천장 크레인으로 인양 잡업 중 끼임",2023.02.22
1389,"[2/20, 경남 양산시] 지게차가 옆으로 넘어지며 깔림",2023.02.22
1390,"[2/21, 경기 고양시] 시스템 비계 해체 작업 중 떨어짐(9.5m)",2023.02.22
1391,"[2/21, 전남 목포시] 나사체결이 되지 않아 떨어진 철골에 맞음",2023.02.22
1392,"[2/21, 대구 동인동] 발끝막이판 설치작업 중 떨어짐(20m)",2023.02.22
1393,"[2/20, 전남 여수시] 차량에서 작업 후 내려오던 중 사다리에서 떨어..",2023.02.24
1394,"[2/22, 경북 구미시] 고소작업대에서 철골 보강 작업 중 떨어짐(15m)",2023.02.24
1395,"[2/23, 강원 횡성군] 차량이 법면에서 전도되어 깔림",2023.02.24
1396,"[2/23, 경기 파주시] 벽돌 캐노피 마무리 작업 중 무너지면서 깔림",2023.02.24
1397,"[2/25, 충북 보은군] 암석 제거 작업 중 암석이 떨어져 깔림",2023.02.27
1398,"[2/25, 경북 영천시] 인양 작업 중 자재가 떨어져 깔림",2023.02.27
1399,"[2/27, 전남 신안군] 가용접 부위가 파단되어 깔림",2023.02.28
1400,"[2/28, 울산 남구] 안전난간 설치 작업 중 떨어짐(4.2m)",2023.03.02
1401,"[3/3, 경기 평택] 전진하던 굴착기에 깔림",2023.03.03
1402,"[3/3, 강원 원주시] 경사로에 정차된 차량이 내려와 부딪힘",2023.03.06
1403,"[3/4, 강원 홍천군] 굴삭기와 함께 비탈길 아래로 떨어짐(10m)",2023.03.06
1404,"[3/6, 부산 동래구] 개구부 덮개 뒤집혀 떨어짐(높이 48m)",2023.03.10
1405,"[3/8, 경기 가평군] 채광창이 파손되어 떨어짐(높이 11m)",2023.03.10
1406,"[3/9, 대전 유성구] 달비계에 탑승하던 중 떨어짐(높이 11m)",2023.03.10
1407,"[3/9, 충북 진천군] 전신주 위 까치집 제거 중 수변전설비에 감전",2023.03.10
1408,"[3/10, 경북 포항시] 회전하는 롤 사이에 끼임",2023.03.13
1409,"[3/11, 전남 완도군] 축사 지붕 강판 설치 작업 중 떨어짐(6m)",2023.03.13
1410,"[3/13, 경북 구미시]  철거 작업 중 벽체가 무너져 깔림",2023.03.15
1411,"[3/15, 경기 평택시] 크레인으로 인양작업 중 자재에 맞음",2023.03.17
1412,"[3/15, 충남 당진시] 철구조물 받침대가 깨져 구조물에 깔림",2023.03.17
1413,"[3/15, 전북 군산시] 토사 하역작업 중 떨어지는 토사에 맞음",2023.03.17
1414,"[3/16, 경기 화성시] 수소운반차량의 가스용기를 분리하던 중 깔림",2023.03.17
1415,"[3/16, 인천 남동구] 세척기 내부 수리 작업 중 끼임",2023.03.17
1416,"[3/16, 충남 천안시] 보강토블럭이 붕괴되어 깔림",2023.03.17
1417,"[3/16, 강원 철원군] 후진하던 작업 차량과 부딪힘",2023.03.17
1418,"[3/18, 전북 군산시] 구조물 설치 작업 중 고소작업대가 전도되며 떨..",2023.03.20
1419,"[3/20, 경기 시흥시] 크레인 인양 작업 중 철구조물 떨어져 깔림",2023.03.22
1420,"[3/21, 경기 이천시] 고소작업대 탑승하여 이동 중 구조물에 끼임",2023.03.22
1421,"[3/22, 전북 전주시] 콘크리트 벽체 작업을 위해 이동식 틀비계로 올..",2023.03.23
1422,"[3/22, 부산 해운대구] 외부 판넬 부착 작업 중 고소작업대가 넘어져 ..",2023.03.23
1423,"[3/22, 경북 포항시] 어선의 생선을 트럭으로 싣는 작업 중 떨어짐(2...",2023.03.24
1424,"[3/24, 인천 서구] 크레인으로 인양 중이던 기계에 맞음",2023.03.27
1425,"[3/25, 전북 군산시] 철근 설치 상태 확인 중 떨어짐(2m)",2023.03.27
1426,"[3/27, 경기 광주시] 크레인 인양 중이던 철구조물에 깔림",2023.03.29
1427,"[3/27, 경남 창원시] 외벽 면 고르기 작업 중 떨어짐(18m)",2023.03.29
1428,"[3/27, 경기 포천시] 사다리를 이용한 용접 작업 중 떨어짐(3m)",2023.03.29
1429,"[3/27, 서울 성동구] 벽면의 앵글을 밟고 이동 중 떨어짐(17.5m)",2023.03.29
1430,"[3/27, 경기 이천시] 지게차 운전 중 지게차가 옆으로 넘어져 깔림",2023.03.29
1431,"[3/27, 경북 울진군] 도로 포장 작업 중 후진하던 건설 장비에 깔림",2023.03.29
1432,"[3/30, 경기 남양주시]전원 차단한 파쇄기를 점검하던 중 동료 작업자..",2023.03.31
1433,"[3/31, 충남 서산시] 화물자동차에 미니굴착기를 운전하여 내리던 중 ..",2023.03.31
1434,"[3/31, 충남 당진] 튀어나온 원형 철제에 찔림",2023.04.03
1435,"[3/31, 경북 성주군] 넘어지는 나무에 맞음",2023.04.03
1436,"[3/31, 제주 제주시] 굴착기와 적재물 사이에 끼임",2023.04.03
1437,"[4/3, 부산 사상구] 이동식 고소작업차에 탑승하여 작업 중 떨어짐(36",2023.04.03
1438,[주요 다발사고] 3월 고소작업대 관련 사망사고 6건 발생 !,2023.04.04
1439,"[4/3, 서울 중랑구] 건물 외벽과 외부 비계 사이로 떨어짐(4m)",2023.04.05
1440,"[4/4, 충남 천안시] 상차장에서 대기하던 화물차 운전자가 지게차에 ..",2023.04.05
1441,"[4/4, 전북 익산시] 공장 지붕 위를 이동하던 중 채광창이 깨지면서 ..",2023.04.05
1442,"[4/6, 충북 음성군] H형강 사이에 끼임",2023.04.07
1443,"[4/6, 서울 금천구] 타일 작업 준비 중 개구부로 떨어짐(11m)",2023.04.07
1444,"[4/6, 제주 서귀포시] 계단 철거 작업 중 계단이 쓰러지며 떨어짐(6m)",2023.04.07
1445,"[4/6, 경기 김포시] 크레인으로 인양 중인 금형에 맞음",2023.04.07
1446,"[4/6, 충남 예산군] 롤과 구조물 사이에 끼임",2023.04.07
1447,"[4/10, 경기 포천시] 합판 제조 공정 중 시트지 압착기에 끼임",2023.04.11
1448,"[4/10, 경기 고양시] 바닥에 떨어진 작업도구를 줍던 로더 운전자가 ..",2023.04.11
1449,"[4/11, 경기 고양시] 거푸집 동바리 설치 자업 중 개구부로 떨어짐(14",2023.04.12
1450,"[4/11, 충북 괴산군] 콘크리트 부재 보수 작업 중 뒤에 있던 콘코리트..",2023.04.12
1451,"[4/13, 경북 포항시] 넘어지는 원목에 깔림",2023.04.14
1452,"[4/13, 경기 파주시] 계단에서 작업 중 뒤로 넘어져 떨어짐",2023.04.14
1453,"[4/13, 대구 달성군] 자동포장기 롤과 프레임사이에 끼임",2023.04.14
1454,"[4/14, 경기 부천시] 이사 작업 중 바닥으로 떨어짐",2023.04.17
1455,"[4/14, 경기 의왕시] 음식물 쓰레기 수거 작업 중 차량 덮개에 끼임",2023.04.17
1456,"[4/16, 경북 경산시] 이물질 제거 작업 중 롤러와 실린더 사이에 끼임",2023.04.17
1457,"[4/19, 경기 시흥시] 베란다 창틀 해체 작업 중 바닥으로 떨어짐(14m)",2023.04.20
1458,"[4/19, 경기 양평군] 철근 하역 중 철근과 함께 떨어져 깔림",2023.04.20
1459,"[4/20, 경기 여주시] 굴착기로 운반하던 전주가 경사로를 굴러내려와 ..",2023.04.24
1460,"[4/20, 전남 광양시] 화물차 주변 청소 작업 중 떨어진 화물(300kg)..",2023.04.24
1461,"[4/21, 부산 영도구] 트럭 적재함에서 철근 하역 중 철근에 맞아 떨어..",2023.04.24
1462,"[4/22, 전남 나주시] 기계 점검 중 작업통로 단부에서 떨어짐(5m)",2023.04.24
1463,"[4/22, 서울 성북구] 달비계 로프가 파단되어 떨어짐(10m)",2023.04.24
1464,"[4/22, 경북 칠곡군] 굴착 깊이 실측 중 사면이 붕괴되어 토사에 매몰..",2023.04.24
1465,"[4/23, 충남 보령시] 어구 정리 작업 중 튕겨나온 도르래에 맞음",2023.04.25
1466,"[4/24, 서울 용산구] 낙엽 청소 중 지하 3층 바닥으로 떨어짐(11m)",2023.04.25
1467,"[4/25, 강원 태백시] 차량 외부 적재함 승강설비에 끼임",2023.04.26
1468,"[주요 다발사고] 3,4월 화물자동차 관련 사망사고 7건 발생 !",2023.04.26
1469,"[4/25, 전북 전주시] 교반기 투입구에 떨어져 끼임",2023.04.28
1470,"[4/25, 경기 김포시] 기자재 용접 작업 중 떨어짐(2m)",2023.04.28
